57.9, 89.2, 
39.0, 88.5, 
55.8, 89.6, 
51.5, 10.0, 
40.3, 88.8, 
65.9, 13.3, 
26.9, 17.3, 
24.5, 19.2, 
15.9, 29.0, 
87.4, 35.8, 
60.4, 11.4, 
52.1, 10.1, 
71.5, 83.7, 
82.3, 73.5, 
21.8, 78.4, 
30.6, 85.0, 
83.5, 71.9, 
56.7, 10.6, 
19.1, 24.6, 
85.1, 69.1, 
10.4, 44.6, 
58.8, 11.0, 
77.0, 20.5, 
31.2, 14.7, 
45.4, 89.7, 
33.6, 86.5, 
11.5, 39.3, 
17.7, 73.6, 
31.4, 85.4, 
51.5, 90.0, 
82.2, 73.7, 
18.7, 25.1, 
55.3, 10.3, 
13.6, 33.4, 
44.1, 10.4, 
64.1, 87.4, 
82.9, 72.7, 
10.5, 56.5, 
64.8, 87.2, 
88.4, 39.0, 
22.0, 21.4, 
29.7, 15.5, 
83.6, 28.3, 
77.1, 20.6, 
77.5, 21.0, 
39.5, 11.4, 
22.5, 79.0, 
83.1, 72.4, 
30.4, 15.1, 
20.5, 22.9, 
24.9, 18.8, 
59.0, 11.0, 
82.5, 73.3, 
89.4, 43.2, 
12.4, 63.7, 
87.6, 63.7, 
52.2, 89.9, 
24.7, 81.0, 
51.3, 10.0, 
57.4, 10.7, 
36.3, 12.4, 
12.0, 62.5, 
86.7, 65.9, 
88.5, 60.8, 
10.1, 47.2, 
24.4, 80.7, 
73.7, 17.8, 
74.5, 18.4, 
10.6, 57.0, 
45.5, 10.3, 
68.3, 85.6, 
89.9, 52.3, 
84.0, 71.1, 
32.3, 85.9, 
45.4, 10.3, 
23.0, 79.5, 
65.1, 12.9, 
58.1, 89.2, 
10.3, 45.3, 
18.1, 25.9, 
10.0, 48.5, 
22.9, 20.5, 
77.8, 21.3, 
62.8, 87.9, 
62.5, 12.0, 
11.1, 40.5, 
41.4, 89.1, 
10.1, 52.7, 
34.2, 86.8, 
34.1, 13.3, 
90.0, 48.2, 
47.3, 10.1, 
90.0, 48.1, 
90.0, 49.8, 
61.5, 11.7, 
89.9, 52.7, 
31.3, 14.7, 
75.5, 80.9, 
12.5, 36.0, 
47.2, 89.9, 
63.8, 12.4, 
43.1, 89.4, 
10.8, 42.0, 
50.8, 90.0, 
88.6, 60.5, 
26.1, 82.1, 
79.9, 23.4, 
73.8, 17.8, 
89.0, 41.0, 
57.8, 10.8, 
18.6, 25.2, 
11.0, 41.3, 
10.1, 46.9, 
10.5, 56.1, 
24.4, 80.7, 
53.4, 10.1, 
66.4, 86.5, 
71.7, 83.6, 
82.1, 73.8, 
10.1, 52.4, 
87.4, 64.2, 
47.3, 89.9, 
11.3, 39.8, 
38.6, 88.3, 
17.7, 26.4, 
10.1, 52.4, 
63.4, 87.7, 
10.1, 47.1, 
14.9, 30.7, 
47.6, 10.1, 
80.0, 23.5, 
11.4, 60.4, 
88.7, 39.7, 
25.6, 81.7, 
89.0, 59.0, 
35.0, 87.1, 
81.1, 24.9, 
71.6, 83.6, 
62.6, 88.0, 
85.3, 31.3, 
86.9, 65.4, 
46.4, 89.8, 
71.3, 16.2, 
50.7, 10.0, 
73.9, 82.1, 
64.3, 12.6, 
25.5, 18.4, 
78.7, 77.8, 
89.8, 53.5, 
48.8, 90.0, 
42.6, 10.7, 
26.5, 17.7, 
28.5, 16.3, 
75.4, 80.9, 
21.6, 78.1, 
62.8, 12.1, 
10.0, 48.5, 
15.5, 70.2, 
86.6, 33.8, 
10.0, 49.3, 
40.7, 88.9, 
54.4, 10.2, 
89.3, 42.5, 
26.1, 82.1, 
76.2, 80.2, 
76.4, 20.0, 
79.2, 22.6, 
56.1, 89.5, 
86.9, 34.7, 
51.3, 10.0, 
34.4, 13.2, 
43.0, 10.6, 
26.0, 82.0, 
66.7, 86.3, 
12.5, 36.1, 
89.6, 55.4, 
66.2, 86.6, 
47.9, 10.1, 
42.4, 89.3, 
42.3, 89.2, 
80.6, 24.2, 
27.1, 17.2, 
48.8, 10.0, 
22.1, 78.6, 
10.0, 50.3, 
81.1, 75.2, 
11.3, 40.0, 
85.8, 67.8, 
31.2, 85.3, 
34.2, 86.8, 
69.6, 15.1, 
88.7, 40.0, 
75.7, 19.3, 
40.5, 88.9, 
10.5, 43.9, 
78.7, 22.1, 
90.0, 50.8, 
20.9, 22.5, 
39.3, 88.5, 
14.5, 31.6, 
87.6, 36.3, 
19.8, 23.8, 
24.8, 81.1, 
71.7, 16.4, 
12.6, 35.8, 
18.2, 25.7, 
84.1, 29.0, 
17.2, 27.0, 
79.3, 77.2, 
71.7, 16.4, 
87.8, 36.9, 
74.7, 18.5, 
62.6, 12.0, 
87.1, 35.0, 
39.4, 88.6, 
17.4, 73.1, 
10.8, 58.2, 
58.2, 10.9, 
44.7, 10.4, 
70.7, 84.2, 
64.5, 87.3, 
15.6, 29.7, 
33.2, 13.7, 
50.3, 10.0, 
28.4, 83.6, 
30.6, 85.0, 
10.9, 41.4, 
82.7, 26.9, 
52.0, 90.0, 
59.8, 88.8, 
88.0, 62.5, 
13.7, 33.3, 
69.7, 15.2, 
45.3, 89.7, 
83.8, 28.7, 
10.8, 57.7, 
34.5, 86.9, 
19.8, 23.7, 
10.5, 44.0, 
10.0, 52.0, 
41.3, 89.0, 
82.9, 72.8, 
88.9, 40.6, 
58.2, 89.1, 
11.5, 39.2, 
77.0, 79.5, 
15.1, 30.4, 
10.2, 53.5, 
54.4, 89.8, 
10.1, 53.0, 
61.4, 11.7, 
25.2, 81.4, 
83.4, 28.0, 
56.1, 89.5, 
10.9, 41.7, 
80.0, 76.5, 
90.0, 50.9, 
88.8, 59.7, 
66.6, 86.4, 
87.1, 65.0, 
37.7, 11.9, 
59.2, 11.1, 
75.5, 80.8, 
75.6, 80.8, 
77.6, 21.1, 
66.1, 13.4, 
30.9, 85.1, 
45.0, 89.7, 
20.5, 23.0, 
42.0, 89.2, 
88.6, 39.4, 
30.4, 15.1, 
82.6, 26.9, 
38.8, 11.6, 
89.9, 53.0, 
88.5, 60.7, 
19.8, 76.2, 
33.4, 13.6, 
13.6, 33.5, 
86.3, 33.2, 
89.1, 41.7, 
87.1, 64.8, 
11.5, 60.9, 
10.0, 48.5, 
20.5, 77.0, 
10.7, 57.7, 
86.6, 33.9, 
25.7, 18.2, 
52.9, 10.1, 
13.3, 65.9, 
88.5, 39.3, 
36.5, 12.4, 
39.7, 88.6, 
83.1, 72.4, 
78.2, 78.4, 
10.0, 51.6, 
50.8, 10.0, 
89.8, 45.9, 
79.4, 77.2, 
77.7, 21.1, 
88.4, 61.1, 
84.0, 71.0, 
78.5, 22.0, 
41.8, 89.1, 
71.8, 83.5, 
86.4, 33.3, 
11.3, 39.9, 
29.7, 84.4, 
55.8, 10.4, 
17.9, 26.1, 
76.1, 80.3, 
81.5, 25.4, 
59.5, 11.1, 
17.5, 73.3, 
54.2, 89.8, 
13.8, 66.9, 
12.5, 36.1, 
49.9, 10.0, 
37.6, 12.0, 
12.1, 37.2, 
89.3, 57.6, 
75.3, 81.0, 
78.5, 21.9, 
62.3, 88.1, 
54.7, 89.7, 
27.7, 83.2, 
60.4, 88.6, 
19.2, 24.5, 
16.7, 27.9, 
16.8, 72.2, 
16.6, 28.0, 
10.9, 58.4, 
77.5, 20.9, 
88.6, 39.4, 
41.6, 10.9, 
79.6, 76.9, 
13.4, 66.0, 
42.6, 10.7, 
25.1, 18.7, 
89.8, 45.6, 
77.1, 79.4, 
10.0, 49.7, 
11.6, 61.3, 
26.8, 17.4, 
10.5, 43.8, 
10.0, 48.2, 
23.3, 79.8, 
19.0, 75.3, 
88.6, 60.5, 
33.6, 86.5, 
16.4, 28.3, 
89.7, 55.2, 
50.7, 90.0, 
89.6, 44.5, 
86.3, 33.2, 
39.2, 11.5, 
81.1, 24.8, 
13.0, 34.8, 
87.9, 37.3, 
15.1, 30.4, 
68.5, 85.5, 
60.4, 88.6, 
32.6, 14.0, 
12.4, 63.6, 
70.2, 84.5, 
10.4, 44.3, 
26.7, 17.5, 
11.9, 62.0, 
89.9, 47.7, 
51.7, 90.0, 
85.7, 32.0, 
10.0, 49.5, 
80.3, 76.1, 
69.5, 84.9, 
89.9, 46.7, 
11.9, 62.1, 
29.5, 15.7, 
86.2, 67.0, 
85.9, 32.4, 
36.3, 12.4, 
13.8, 67.0, 
89.8, 45.7, 
12.6, 35.7, 
79.1, 22.5, 
48.8, 10.0, 
58.4, 89.1, 
64.5, 87.3, 
90.0, 49.8, 
69.6, 84.9, 
84.7, 69.8, 
35.6, 87.3, 
15.4, 29.9, 
14.3, 68.1, 
73.1, 82.7, 
20.9, 22.6, 
32.5, 14.0, 
14.4, 68.3, 
79.4, 22.9, 
73.3, 82.5, 
79.9, 23.5, 
89.8, 46.1, 
50.4, 10.0, 
33.2, 13.7, 
77.5, 79.1, 
70.2, 84.5, 
15.7, 29.4, 
14.0, 32.5, 
49.1, 10.0, 
13.2, 65.7, 
43.2, 10.6, 
38.4, 88.3, 
11.2, 40.1, 
42.6, 10.7, 
87.4, 64.1, 
89.7, 45.2, 
83.6, 71.7, 
70.9, 15.9, 
61.1, 88.4, 
16.4, 28.4, 
90.0, 50.5, 
40.2, 11.2, 
66.7, 86.3, 
89.9, 46.8, 
10.5, 56.1, 
41.6, 89.1, 
58.2, 10.8, 
55.0, 10.3, 
16.0, 28.9, 
87.5, 64.0, 
63.9, 87.5, 
13.3, 65.9, 
76.5, 20.0, 
38.2, 88.2, 
27.7, 16.8, 
79.1, 77.5, 
32.9, 86.2, 
81.2, 24.9, 
46.5, 89.9, 
88.8, 40.1, 
38.2, 11.8, 
65.2, 13.0, 
89.8, 54.2, 
78.9, 77.6, 
43.4, 10.5, 
59.2, 88.9, 
72.8, 17.1, 
53.3, 10.1, 
73.7, 82.2, 
82.5, 73.3, 
39.0, 88.5, 
20.6, 77.1, 
48.8, 90.0, 
89.9, 53.2, 
81.9, 74.1, 
70.0, 84.7, 
10.6, 56.6, 
71.0, 15.9, 
62.3, 11.9, 
83.6, 71.6, 
58.9, 11.0, 
10.8, 42.3, 
21.5, 21.9, 
58.2, 10.8, 
11.3, 39.9, 
16.9, 72.4, 
90.0, 48.4, 
33.2, 86.3, 
11.6, 61.1, 
55.5, 89.6, 
12.4, 63.8, 
80.5, 75.8, 
86.6, 66.2, 
11.8, 38.3, 
66.2, 13.4, 
72.7, 17.1, 
11.1, 40.7, 
42.8, 10.7, 
57.0, 10.6, 
14.1, 67.6, 
15.6, 70.4, 
61.2, 88.4, 
37.6, 88.0, 
19.2, 24.5, 
10.3, 54.7, 
66.1, 86.6, 
60.6, 88.6, 
44.2, 89.6, 
12.2, 63.0, 
52.6, 89.9, 
17.4, 73.2, 
86.8, 34.3, 
54.7, 10.3, 
66.5, 86.5, 
24.1, 80.5, 
25.7, 81.7, 
20.5, 77.1, 
15.5, 29.8, 
10.9, 41.6, 
13.0, 65.1, 
69.9, 15.3, 
90.0, 49.3, 
19.9, 76.4, 
63.6, 12.4, 
19.4, 75.7, 
59.1, 88.9, 
60.3, 88.7, 
84.9, 30.5, 
54.7, 89.7, 
16.6, 72.0, 
57.5, 89.3, 
10.1, 53.1, 
10.5, 44.0, 
77.1, 79.4, 
79.4, 77.1, 
89.6, 44.6, 
27.2, 82.8, 
10.9, 41.8, 
68.7, 14.7, 
81.7, 74.4, 
89.9, 47.5, 
54.7, 10.3, 
24.9, 81.2, 
16.8, 72.3, 
88.6, 60.6, 
80.9, 75.4, 
15.7, 70.5, 
82.0, 74.0, 
70.9, 15.9, 
56.4, 89.5, 
78.3, 21.8, 
60.8, 88.5, 
10.6, 56.8, 
89.8, 46.1, 
56.2, 89.5, 
17.2, 27.1, 
61.7, 11.7, 
79.0, 77.6, 
39.0, 11.5, 
78.3, 21.8, 
28.2, 16.4, 
36.6, 87.7, 
54.0, 10.2, 
17.8, 26.3, 
70.4, 84.4, 
27.7, 16.8, 
89.9, 46.7, 
87.0, 34.8, 
55.7, 10.4, 
55.0, 89.7, 
15.1, 69.5, 
74.7, 18.5, 
89.3, 42.6, 
68.5, 85.5, 
13.4, 33.8, 
59.6, 88.8, 
87.0, 65.2, 
44.2, 89.6, 
12.5, 36.0, 
81.6, 25.5, 
57.7, 89.2, 
14.4, 31.7, 
86.7, 34.2, 
68.9, 14.8, 
60.3, 11.3, 
38.4, 11.7, 
66.7, 86.3, 
11.5, 39.1, 
19.3, 75.6, 
33.5, 86.4, 
88.6, 39.7, 
70.9, 84.1, 
22.3, 21.1, 
82.5, 26.6, 
53.4, 10.1, 
54.6, 89.7, 
89.3, 57.3, 
10.0, 51.5, 
65.9, 13.3, 
13.7, 66.8, 
43.8, 10.5, 
83.4, 72.1, 
20.4, 23.1, 
48.4, 10.0, 
57.6, 89.3, 
89.9, 46.6, 
29.3, 15.8, 
89.8, 46.4, 
15.4, 70.1, 
10.0, 50.4, 
87.3, 35.5, 
14.9, 30.9, 
40.1, 88.7, 
12.9, 35.1, 
88.4, 61.1, 
11.1, 59.4, 
10.0, 49.2, 
89.8, 46.4, 
38.8, 11.6, 
89.4, 43.0, 
14.4, 68.2, 
88.4, 38.6, 
13.0, 65.3, 
46.4, 89.8, 
34.7, 86.9, 
88.3, 61.4, 
10.4, 55.7, 
56.7, 89.4, 
80.0, 23.6, 
78.2, 78.4, 
81.4, 74.8, 
16.1, 28.8, 
66.0, 13.3, 
27.2, 17.1, 
50.4, 10.0, 
17.8, 73.8, 
87.9, 37.3, 
51.5, 90.0, 
89.7, 44.9, 
51.6, 90.0, 
10.5, 56.0, 
11.0, 41.2, 
23.5, 20.1, 
71.3, 16.1, 
39.4, 11.4, 
19.9, 76.4, 
51.8, 90.0, 
14.5, 31.6, 
11.5, 39.1, 
21.2, 22.2, 
10.6, 56.8, 
30.6, 15.0, 
16.0, 29.0, 
75.5, 80.8, 
23.5, 79.9, 
19.0, 75.3, 
62.1, 11.9, 
77.7, 21.2, 
15.4, 30.0, 
88.5, 39.2, 
11.4, 60.6, 
11.5, 39.2, 
54.7, 89.7, 
10.9, 58.4, 
80.6, 75.7, 
13.7, 33.3, 
67.8, 14.2, 
90.0, 49.3, 
19.8, 23.8, 
90.0, 48.5, 
62.8, 12.1, 
72.6, 17.0, 
80.2, 76.2, 
10.2, 46.0, 
81.1, 24.8, 
73.4, 17.6, 
31.0, 14.8, 
89.9, 46.8, 
32.5, 86.0, 
22.3, 78.8, 
83.0, 72.6, 
18.3, 74.3, 
36.3, 12.4, 
20.6, 77.2, 
24.5, 80.8, 
43.4, 89.5, 
81.0, 75.3, 
40.5, 88.9, 
89.6, 55.9, 
85.7, 68.1, 
76.9, 79.6, 
75.2, 81.1, 
46.2, 10.2, 
65.5, 86.9, 
73.8, 17.9, 
41.2, 89.0, 
66.6, 13.6, 
37.2, 12.1, 
86.6, 33.9, 
54.6, 89.7, 
55.1, 10.3, 
86.3, 33.2, 
63.1, 12.2, 
11.9, 62.2, 
10.6, 57.1, 
25.3, 81.4, 
79.1, 22.5, 
89.9, 52.7, 
67.4, 14.0, 
62.3, 11.9, 
10.4, 55.5, 
10.2, 46.1, 
25.6, 81.7, 
35.0, 87.1, 
58.7, 89.1, 
81.7, 25.6, 
19.1, 24.6, 
86.1, 32.7, 
78.4, 21.9, 
88.8, 59.6, 
58.9, 11.0, 
61.0, 11.5, 
58.1, 89.2, 
35.0, 12.9, 
89.9, 53.0, 
77.6, 79.0, 
30.2, 15.2, 
27.8, 83.2, 
81.3, 75.0, 
85.5, 68.4, 
40.8, 88.9, 
59.8, 88.8, 
43.2, 10.6, 
26.1, 18.0, 
88.6, 60.6, 
46.3, 89.8, 
44.1, 10.4, 
31.6, 85.5, 
49.2, 10.0, 
32.9, 13.8, 
59.7, 11.2, 
75.7, 80.6, 
58.6, 89.1, 
68.4, 85.5, 
17.5, 73.4, 
89.9, 47.4, 
14.2, 67.7, 
31.1, 14.7, 
78.3, 21.7, 
10.0, 48.6, 
10.0, 50.9, 
10.6, 57.0, 
14.1, 32.3, 
88.2, 62.0, 
87.5, 64.0, 
13.7, 66.7, 
81.0, 24.7, 
40.1, 11.2, 
21.6, 78.2, 
89.0, 58.8, 
72.7, 17.1, 
10.8, 42.0, 
26.7, 17.5, 
39.1, 11.5, 
10.0, 48.8, 
50.4, 10.0, 
51.2, 10.0, 
88.9, 59.4, 
48.7, 10.0, 
26.2, 82.1, 
14.2, 67.8, 
72.2, 16.7, 
88.3, 38.4, 
55.7, 89.6, 
89.7, 44.9, 
28.9, 84.0, 
73.6, 17.7, 
10.4, 55.5, 
89.2, 42.0, 
13.7, 33.2, 
51.6, 90.0, 
28.7, 16.1, 
49.9, 90.0, 
89.2, 41.8, 
10.9, 41.6, 
65.9, 13.3, 
12.3, 63.3, 
86.7, 65.8, 
43.4, 10.5, 
16.1, 71.2, 
58.6, 89.1, 
24.1, 80.5, 
19.5, 75.9, 
55.7, 89.6, 
71.3, 83.9, 
89.8, 46.1, 
84.2, 70.7, 
11.0, 41.0, 
22.3, 78.8, 
89.9, 47.1, 
89.9, 52.6, 
64.5, 87.3, 
77.1, 20.6, 
89.0, 41.0, 
89.9, 53.3, 
61.1, 11.6, 
88.5, 39.1, 
22.1, 21.3, 
12.0, 62.4, 
90.0, 50.5, 
10.6, 56.6, 
90.0, 51.6, 
88.4, 61.3, 
40.1, 11.2, 
20.4, 76.9, 
12.0, 62.5, 
34.5, 13.1, 
22.2, 21.3, 
11.3, 60.0, 
83.5, 28.2, 
53.2, 10.1, 
43.3, 89.4, 
62.5, 88.0, 
30.7, 15.0, 
82.3, 73.6, 
77.1, 20.6, 
80.8, 75.5, 
10.1, 53.0, 
11.6, 39.0, 
50.7, 10.0, 
14.5, 31.5, 
82.7, 73.1, 
14.5, 68.4, 
89.2, 42.0, 
77.4, 20.9, 
90.0, 48.3, 
67.7, 85.9, 
16.2, 71.5, 
29.8, 84.5, 
89.4, 56.8, 
16.7, 27.8, 
88.8, 59.9, 
50.5, 90.0, 
36.1, 87.5, 
68.9, 14.8, 
25.4, 81.5, 
20.4, 76.9, 
68.0, 14.3, 
55.1, 10.3, 
70.6, 84.3, 
75.4, 80.9, 
23.5, 20.0, 
39.3, 88.5, 
11.3, 60.0, 
19.7, 76.1, 
23.5, 20.1, 
10.8, 42.2, 
88.5, 39.1, 
29.9, 84.6, 
58.1, 10.8, 
85.0, 30.6, 
39.9, 88.7, 
10.9, 58.5, 
81.7, 25.6, 
79.4, 77.2, 
89.0, 59.1, 
74.5, 81.6, 
48.3, 90.0, 
33.8, 13.4, 
40.0, 11.3, 
51.9, 90.0, 
60.7, 88.5, 
28.0, 16.6, 
87.3, 35.7, 
29.8, 15.5, 
29.7, 84.5, 
40.4, 88.8, 
10.0, 51.8, 
17.1, 72.8, 
88.3, 61.4, 
90.0, 48.3, 
88.5, 39.3, 
22.9, 20.6, 
14.0, 67.4, 
56.5, 89.5, 
50.9, 90.0, 
82.0, 74.0, 
60.5, 88.6, 
79.7, 76.8, 
74.0, 82.0, 
85.1, 30.8, 
10.1, 52.0, 
86.6, 33.9, 
27.5, 16.9, 
10.0, 50.8, 
39.6, 88.6, 
38.9, 88.4, 
64.9, 12.9, 
89.6, 44.2, 
41.2, 11.0, 
47.0, 89.9, 
86.8, 65.8, 
21.4, 77.9, 
74.8, 18.7, 
60.9, 88.5, 
65.1, 87.0, 
12.4, 36.3, 
86.0, 32.7, 
47.9, 10.1, 
56.2, 89.5, 
15.5, 70.2, 
89.9, 47.2, 
87.3, 64.4, 
12.0, 62.6, 
86.3, 66.9, 
10.9, 41.8, 
12.3, 63.3, 
47.5, 89.9, 
76.8, 79.7, 
57.3, 10.7, 
44.3, 89.6, 
37.7, 88.1, 
63.7, 12.4, 
43.7, 10.5, 
88.2, 61.8, 
39.0, 88.5, 
86.7, 66.0, 
40.8, 88.9, 
65.5, 86.9, 
44.4, 89.6, 
22.4, 21.1, 
76.6, 20.1, 
22.9, 20.6, 
45.9, 10.2, 
21.2, 77.8, 
69.9, 84.7, 
59.0, 89.0, 
42.0, 89.2, 
20.6, 77.1, 
73.1, 17.4, 
86.5, 66.3, 
41.0, 11.0, 
88.7, 60.0, 
34.3, 86.8, 
49.9, 10.0, 
17.3, 73.1, 
88.5, 60.9, 
89.5, 43.6, 
22.8, 79.4, 
13.7, 33.1, 
55.0, 89.7, 
85.2, 69.0, 
80.0, 76.5, 
87.6, 36.4, 
87.6, 36.3, 
18.6, 25.2, 
83.9, 28.8, 
54.5, 10.3, 
10.3, 55.0, 
71.5, 83.8, 
12.1, 37.3, 
36.5, 87.7, 
86.7, 34.0, 
56.3, 10.5, 
10.7, 42.3, 
28.3, 16.4, 
10.9, 41.6, 
28.2, 16.5, 
64.8, 87.2, 
39.7, 11.3, 
40.1, 88.7, 
10.0, 49.6, 
68.7, 14.6, 
52.2, 89.9, 
82.2, 73.7, 
85.9, 67.6, 
75.8, 80.6, 
77.7, 78.9, 
75.8, 19.4, 
86.7, 66.0, 
82.2, 73.7, 
41.7, 10.9, 
86.7, 66.0, 
82.9, 72.8, 
46.2, 10.2, 
12.5, 36.1, 
72.9, 82.8, 
18.4, 25.4, 
89.3, 42.7, 
84.5, 70.2, 
78.1, 78.5, 
68.1, 85.6, 
26.9, 82.7, 
62.0, 88.1, 
10.2, 54.5, 
29.4, 15.7, 
90.0, 50.9, 
68.2, 85.6, 
34.0, 86.7, 
29.1, 84.1, 
28.6, 83.8, 
71.3, 16.1, 
85.4, 31.3, 
10.6, 43.1, 
72.4, 16.8, 
65.7, 13.2, 
10.5, 43.4, 
89.8, 53.6, 
52.0, 10.1, 
28.9, 16.0, 
59.5, 11.2, 
21.5, 78.1, 
22.9, 79.5, 
65.1, 87.0, 
63.7, 87.6, 
17.8, 26.3, 
11.6, 61.2, 
15.1, 69.5, 
35.6, 87.3, 
20.5, 77.1, 
16.7, 72.1, 
80.5, 75.8, 
87.9, 62.9, 
89.6, 56.0, 
45.7, 89.8, 
42.7, 10.7, 
12.8, 35.4, 
73.8, 82.1, 
36.5, 12.4, 
38.2, 88.2, 
21.5, 78.1, 
35.7, 87.4, 
86.5, 33.6, 
35.2, 87.2, 
88.8, 40.3, 
47.9, 89.9, 
43.1, 89.4, 
69.5, 84.9, 
66.5, 13.5, 
21.8, 78.3, 
32.2, 85.8, 
12.4, 63.8, 
19.3, 24.4, 
37.2, 87.9, 
79.7, 23.2, 
43.8, 89.5, 
85.9, 67.7, 
84.8, 30.3, 
14.7, 31.1, 
12.1, 37.1, 
36.2, 12.5, 
23.6, 20.0, 
65.5, 86.9, 
69.9, 84.7, 
26.4, 17.7, 
72.8, 82.8, 
76.8, 20.3, 
49.2, 10.0, 
33.4, 86.4, 
17.9, 73.9, 
78.7, 22.1, 
27.6, 16.8, 
21.5, 78.0, 
10.2, 54.4, 
69.8, 15.3, 
43.0, 10.6, 
30.2, 15.2, 
56.5, 10.5, 
10.0, 49.9, 
20.4, 76.9, 
59.9, 11.2, 
47.5, 10.1, 
88.4, 61.3, 
10.0, 48.4, 
84.3, 29.4, 
21.2, 22.2, 
84.4, 29.6, 
89.7, 54.6, 
65.2, 13.0, 
58.1, 89.2, 
14.2, 67.8, 
59.1, 11.0, 
73.4, 17.6, 
88.9, 40.5, 
14.9, 30.8, 
88.6, 60.7, 
76.0, 19.6, 
25.7, 81.8, 
87.1, 35.1, 
14.9, 30.7, 
89.9, 52.4, 
13.7, 33.2, 
14.1, 32.3, 
25.1, 81.3, 
50.8, 10.0, 
89.3, 57.5, 
46.1, 10.2, 
89.6, 44.6, 
83.5, 28.1, 
26.8, 17.4, 
12.3, 36.6, 
20.5, 77.0, 
19.0, 75.3, 
10.8, 41.8, 
48.8, 90.0, 
51.8, 90.0, 
46.8, 89.9, 
65.9, 13.3, 
10.1, 47.2, 
17.7, 26.3, 
20.0, 23.5, 
10.0, 48.6, 
24.2, 80.6, 
72.8, 17.2, 
11.4, 60.6, 
88.4, 61.1, 
49.2, 90.0, 
68.1, 85.7, 
29.9, 15.4, 
51.1, 10.0, 
51.3, 90.0, 
13.5, 33.7, 
55.7, 89.6, 
90.0, 50.0, 
30.6, 15.0, 
80.0, 76.5, 
13.2, 65.6, 
77.2, 20.6, 
64.9, 12.9, 
27.7, 83.2, 
10.3, 54.9, 
89.8, 46.5, 
64.2, 12.6, 
35.5, 87.3, 
35.4, 87.2, 
16.2, 28.6, 
57.4, 89.3, 
54.5, 89.7, 
89.9, 46.9, 
88.1, 37.9, 
55.9, 10.4, 
41.1, 89.0, 
65.0, 87.1, 
10.0, 50.6, 
27.4, 17.0, 
30.1, 84.7, 
81.9, 74.1, 
58.1, 10.8, 
42.0, 10.8, 
32.5, 86.0, 
31.3, 14.6, 
20.3, 76.8, 
88.1, 62.3, 
75.8, 80.6, 
53.9, 89.8, 
82.4, 26.5, 
27.0, 17.3, 
47.1, 89.9, 
19.3, 24.4, 
15.9, 29.1, 
89.8, 46.0, 
89.9, 46.8, 
89.2, 57.9, 
89.6, 55.6, 
33.1, 86.2, 
84.2, 70.7, 
87.4, 35.8, 
12.0, 62.5, 
10.3, 54.9, 
10.1, 52.9, 
86.2, 33.0, 
13.7, 33.2, 
28.7, 16.1, 
88.5, 39.0, 
81.1, 75.2, 
31.5, 85.5, 
90.0, 48.8, 
73.1, 17.4, 
66.8, 13.7, 
35.5, 87.3, 
54.2, 10.2, 
72.1, 83.3, 
10.0, 49.3, 
16.3, 28.5, 
62.2, 11.9, 
54.3, 89.8, 
88.0, 62.5, 
83.2, 72.4, 
46.0, 89.8, 
13.3, 65.9, 
89.8, 46.5, 
68.7, 14.7, 
53.7, 89.8, 
21.9, 78.5, 
22.8, 79.3, 
69.4, 15.0, 
53.4, 89.9, 
54.5, 89.7, 
55.4, 89.6, 
12.0, 37.4, 
16.1, 71.2, 
10.3, 45.2, 
17.6, 73.5, 
69.5, 15.1, 
59.8, 88.8, 
63.1, 87.8, 
26.4, 17.7, 
17.1, 72.7, 
27.4, 83.0, 
83.0, 27.4, 
87.9, 62.9, 
59.6, 11.2, 
10.4, 44.5, 
13.1, 65.5, 
86.5, 33.6, 
36.5, 12.3, 
85.2, 69.1, 
86.5, 33.6, 
46.4, 89.8, 
29.0, 84.1, 
36.1, 87.5, 
67.7, 14.2, 
14.0, 32.6, 
55.6, 10.4, 
57.2, 10.7, 
22.7, 79.2, 
19.1, 75.4, 
11.1, 40.6, 
11.3, 39.7, 
43.3, 10.6, 
46.0, 89.8, 
10.4, 55.4, 
86.1, 32.7, 
88.5, 39.3, 
57.8, 89.2, 
18.5, 74.7, 
89.3, 42.4, 
82.3, 73.6, 
10.0, 48.1, 
88.7, 40.0, 
15.0, 30.6, 
89.9, 53.4, 
56.9, 89.4, 
54.4, 10.2, 
53.7, 89.8, 
19.5, 24.1, 
10.2, 53.9, 
40.5, 88.9, 
15.2, 30.2, 
84.9, 30.4, 
82.2, 26.3, 
57.3, 89.3, 
70.7, 84.2, 
11.2, 59.8, 
26.8, 17.4, 
87.1, 34.9, 
39.0, 11.5, 
40.9, 88.9, 
88.7, 60.0, 
32.8, 13.9, 
54.3, 10.2, 
22.1, 78.6, 
15.9, 29.1, 
27.3, 17.1, 
29.8, 84.5, 
85.1, 30.9, 
12.6, 64.1, 
76.8, 79.7, 
89.9, 53.4, 
13.1, 65.3, 
83.4, 72.0, 
74.9, 18.7, 
33.7, 13.5, 
85.2, 31.0, 
13.2, 65.8, 
10.4, 55.9, 
23.8, 80.2, 
46.6, 89.9, 
27.1, 17.2, 
35.9, 87.4, 
11.8, 38.3, 
80.0, 76.5, 
23.3, 20.2, 
68.9, 85.3, 
63.4, 87.7, 
19.6, 76.0, 
88.7, 60.2, 
84.3, 70.6, 
86.4, 66.6, 
18.8, 75.0, 
37.3, 87.9, 
83.0, 72.7, 
68.0, 85.7, 
86.1, 32.8, 
56.0, 10.5, 
84.7, 69.9, 
31.0, 85.2, 
40.0, 88.7, 
63.5, 12.3, 
22.0, 21.5, 
15.1, 30.5, 
53.5, 89.8, 
80.0, 23.6, 
81.6, 74.5, 
86.2, 33.0, 
76.6, 20.1, 
71.8, 16.4, 
86.1, 67.2, 
47.3, 10.1, 
85.9, 67.6, 
10.3, 55.1, 
88.3, 61.6, 
50.1, 10.0, 
24.4, 80.7, 
10.0, 48.1, 
10.3, 45.5, 
36.5, 87.7, 
21.1, 22.3, 
34.1, 13.3, 
12.4, 36.2, 
52.1, 89.9, 
42.2, 10.8, 
47.1, 10.1, 
64.2, 87.4, 
86.8, 65.6, 
10.7, 42.6, 
89.2, 57.9, 
29.1, 84.1, 
85.4, 68.6, 
86.8, 65.8, 
56.0, 89.5, 
74.7, 18.5, 
90.0, 51.7, 
21.2, 22.3, 
25.9, 81.9, 
80.2, 76.3, 
69.0, 14.8, 
83.4, 28.0, 
80.8, 75.6, 
78.4, 21.8, 
20.2, 23.3, 
16.2, 71.4, 
46.2, 89.8, 
83.4, 72.0, 
42.5, 89.3, 
37.3, 12.1, 
68.4, 85.5, 
48.2, 10.0, 
17.8, 26.2, 
20.6, 22.9, 
73.8, 17.9, 
10.0, 51.2, 
14.7, 31.1, 
86.2, 67.0, 
89.5, 56.4, 
74.6, 81.5, 
10.8, 42.0, 
50.4, 10.0, 
82.6, 73.1, 
12.8, 35.3, 
52.6, 89.9, 
23.5, 79.9, 
65.4, 86.9, 
16.6, 28.0, 
10.4, 44.6, 
56.2, 89.5, 
53.8, 10.2, 
10.0, 50.0, 
55.8, 89.6, 
52.3, 89.9, 
19.6, 76.0, 
59.1, 88.9, 
11.1, 59.4, 
20.7, 77.2, 
73.8, 17.8, 
51.2, 10.0, 
60.0, 11.3, 
73.5, 82.4, 
15.1, 69.6, 
58.6, 89.1, 
10.3, 54.8, 
50.4, 90.0, 
87.5, 64.0, 
89.7, 44.8, 
18.3, 74.4, 
10.4, 55.6, 
24.5, 19.2, 
29.4, 84.3, 
10.7, 42.4, 
89.3, 57.5, 
12.0, 62.4, 
84.5, 70.2, 
61.0, 88.5, 
28.4, 83.7, 
18.7, 25.1, 
86.2, 33.0, 
64.3, 12.6, 
32.5, 86.0, 
16.9, 27.6, 
11.0, 41.1, 
56.9, 10.6, 
66.1, 13.4, 
47.1, 89.9, 
82.8, 27.0, 
52.3, 10.1, 
51.2, 10.0, 
33.9, 13.4, 
22.7, 79.3, 
81.5, 74.7, 
10.4, 55.6, 
36.1, 87.5, 
20.8, 77.3, 
83.5, 28.2, 
89.5, 56.1, 
23.6, 80.0, 
64.9, 12.9, 
73.8, 82.2, 
77.2, 79.3, 
58.5, 10.9, 
11.2, 40.4, 
71.5, 16.3, 
11.7, 61.6, 
27.9, 83.4, 
18.1, 25.8, 
10.4, 55.7, 
72.5, 83.1, 
54.5, 10.3, 
88.8, 40.4, 
76.7, 79.8, 
74.1, 18.1, 
89.2, 42.1, 
11.8, 61.9, 
35.2, 87.2, 
87.8, 37.0, 
10.1, 46.6, 
27.4, 17.0, 
61.8, 88.2, 
81.6, 25.5, 
10.2, 54.3, 
66.9, 13.7, 
54.6, 10.3, 
89.8, 53.9, 
10.1, 46.9, 
14.5, 68.4, 
10.6, 43.2, 
60.5, 88.6, 
31.2, 14.7, 
17.6, 26.5, 
39.3, 88.5, 
15.4, 29.9, 
87.3, 64.3, 
81.8, 74.3, 
25.0, 18.8, 
10.1, 52.8, 
88.3, 38.5, 
89.6, 55.4, 
22.8, 20.6, 
90.0, 50.3, 
16.9, 27.6, 
48.5, 10.0, 
40.7, 11.1, 
80.9, 24.6, 
73.6, 17.7, 
32.7, 13.9, 
78.3, 78.2, 
75.6, 19.3, 
24.9, 18.9, 
86.3, 66.7, 
68.5, 14.5, 
20.7, 77.2, 
87.4, 35.7, 
85.0, 69.4, 
62.9, 12.1, 
87.5, 36.0, 
10.5, 56.4, 
89.9, 46.8, 
58.7, 89.0, 
85.4, 68.7, 
57.1, 10.6, 
10.9, 41.7, 
85.2, 69.0, 
24.2, 19.4, 
26.1, 18.0, 
13.4, 66.1, 
89.1, 41.5, 
32.6, 14.0, 
49.3, 90.0, 
26.4, 17.7, 
27.1, 82.8, 
87.9, 62.7, 
32.8, 13.9, 
12.0, 37.5, 
13.5, 33.6, 
45.8, 89.8, 
11.0, 41.0, 
20.4, 76.9, 
60.2, 88.7, 
55.7, 89.6, 
17.0, 27.5, 
60.6, 88.6, 
78.6, 78.0, 
42.3, 89.3, 
10.6, 43.0, 
30.0, 15.4, 
20.4, 76.9, 
87.5, 36.0, 
12.9, 65.0, 
89.4, 56.8, 
65.0, 87.1, 
18.8, 75.0, 
20.1, 76.5, 
48.3, 10.0, 
80.2, 23.8, 
22.5, 21.0, 
90.0, 50.6, 
57.9, 10.8, 
14.5, 68.5, 
82.3, 73.6, 
89.4, 43.2, 
64.9, 87.1, 
85.6, 31.8, 
57.6, 10.7, 
16.3, 71.5, 
84.7, 30.1, 
15.6, 29.6, 
52.2, 10.1, 
51.5, 90.0, 
89.5, 56.6, 
50.7, 10.0, 
34.8, 87.0, 
65.6, 13.2, 
85.6, 68.3, 
10.9, 58.4, 
16.9, 27.6, 
87.7, 36.7, 
32.6, 14.0, 
29.7, 84.5, 
14.1, 32.4, 
60.5, 88.6, 
48.0, 89.9, 
46.6, 89.9, 
28.9, 16.0, 
77.0, 79.5, 
88.1, 37.7, 
14.6, 31.5, 
10.7, 57.7, 
35.2, 87.2, 
63.9, 12.5, 
88.8, 40.3, 
87.0, 65.2, 
77.5, 79.0, 
46.1, 10.2, 
71.2, 16.1, 
74.9, 18.7, 
62.4, 88.0, 
22.2, 78.7, 
52.0, 10.1, 
34.3, 13.2, 
89.7, 54.8, 
88.8, 59.9, 
19.9, 76.3, 
38.6, 88.3, 
61.4, 88.3, 
47.8, 89.9, 
86.2, 67.1, 
26.2, 17.8, 
34.3, 13.2, 
11.0, 59.0, 
25.2, 81.4, 
84.4, 29.6, 
20.2, 23.3, 
89.1, 58.3, 
59.1, 11.0, 
65.0, 12.9, 
11.9, 37.7, 
59.1, 89.0, 
41.1, 11.0, 
71.4, 16.2, 
30.3, 15.2, 
37.1, 87.9, 
29.7, 15.5, 
17.7, 73.6, 
64.4, 87.3, 
87.0, 65.2, 
70.6, 15.7, 
89.7, 54.9, 
36.8, 87.7, 
15.3, 30.2, 
74.9, 81.3, 
15.0, 69.4, 
29.3, 15.8, 
11.7, 38.5, 
33.2, 86.3, 
37.2, 87.9, 
82.9, 27.3, 
29.3, 84.2, 
72.2, 83.3, 
13.5, 33.6, 
34.5, 13.1, 
12.0, 62.4, 
60.4, 88.6, 
37.9, 11.9, 
10.1, 47.1, 
34.6, 13.1, 
28.7, 83.9, 
75.0, 81.2, 
17.1, 72.7, 
82.3, 26.3, 
85.9, 32.4, 
82.8, 72.9, 
85.3, 68.7, 
74.0, 82.0, 
65.5, 86.9, 
52.0, 10.1, 
81.1, 24.9, 
74.4, 18.3, 
90.0, 50.8, 
29.9, 15.4, 
79.7, 76.8, 
65.7, 13.2, 
11.3, 39.8, 
77.2, 79.3, 
42.9, 89.4, 
14.9, 69.2, 
51.1, 10.0, 
20.5, 23.0, 
89.8, 54.3, 
73.4, 82.4, 
41.4, 10.9, 
89.5, 56.5, 
16.5, 71.9, 
38.7, 11.6, 
73.8, 82.1, 
41.1, 89.0, 
38.7, 11.6, 
10.0, 50.5, 
72.1, 83.3, 
81.4, 74.8, 
76.9, 20.4, 
65.0, 12.9, 
32.8, 86.1, 
89.2, 41.8, 
69.8, 15.2, 
83.1, 27.5, 
25.2, 18.6, 
69.4, 85.0, 
59.3, 88.9, 
57.6, 89.3, 
42.6, 89.3, 
28.3, 83.6, 
55.0, 89.7, 
19.0, 75.3, 
80.6, 24.2, 
56.2, 10.5, 
19.1, 75.5, 
64.0, 87.5, 
28.7, 83.8, 
13.4, 33.9, 
73.2, 17.4, 
10.1, 53.1, 
39.4, 11.4, 
87.9, 37.1, 
16.0, 28.9, 
28.5, 16.3, 
35.1, 12.9, 
34.0, 86.7, 
26.4, 82.3, 
69.0, 14.8, 
83.6, 71.8, 
33.7, 86.5, 
34.0, 86.7, 
10.3, 55.1, 
84.3, 29.4, 
44.7, 10.4, 
13.7, 66.9, 
57.4, 10.7, 
89.6, 44.3, 
83.6, 71.7, 
43.7, 89.5, 
71.0, 15.9, 
86.2, 67.0, 
85.7, 67.9, 
35.9, 12.6, 
85.6, 68.3, 
17.3, 27.0, 
36.7, 12.3, 
17.0, 27.3, 
46.5, 89.8, 
19.3, 75.6, 
90.0, 49.8, 
35.6, 87.3, 
53.9, 89.8, 
38.2, 11.8, 
79.4, 77.1, 
65.3, 13.0, 
55.2, 89.7, 
10.0, 51.9, 
66.4, 86.5, 
28.2, 16.5, 
34.5, 13.1, 
89.9, 47.5, 
74.6, 18.4, 
11.1, 59.2, 
85.1, 69.1, 
10.1, 47.0, 
43.3, 10.6, 
15.0, 30.7, 
11.7, 38.3, 
89.3, 57.2, 
53.8, 10.2, 
10.3, 45.3, 
89.3, 42.4, 
32.4, 85.9, 
25.8, 18.2, 
62.3, 11.9, 
15.3, 30.1, 
89.1, 41.4, 
65.3, 13.0, 
87.1, 64.9, 
77.0, 79.5, 
22.2, 78.7, 
89.2, 57.8, 
58.8, 11.0, 
72.8, 82.9, 
88.9, 40.5, 
12.7, 64.6, 
89.9, 53.2, 
53.1, 89.9, 
11.3, 60.2, 
12.2, 63.2, 
67.9, 14.2, 
20.3, 23.2, 
79.3, 77.3, 
17.2, 27.1, 
10.4, 55.4, 
27.8, 83.3, 
33.7, 86.5, 
75.9, 80.5, 
85.7, 68.0, 
77.9, 21.4, 
72.0, 83.4, 
12.4, 36.4, 
89.2, 42.0, 
88.1, 62.2, 
89.1, 41.4, 
15.1, 69.5, 
88.6, 39.7, 
58.6, 10.9, 
40.8, 88.9, 
86.7, 34.0, 
80.1, 23.6, 
89.8, 45.9, 
14.7, 68.8, 
13.6, 66.6, 
18.5, 74.6, 
84.4, 29.5, 
50.3, 10.0, 
83.5, 28.1, 
81.0, 24.8, 
86.0, 67.5, 
81.7, 74.4, 
55.6, 10.4, 
23.3, 79.8, 
66.6, 86.4, 
20.9, 77.4, 
12.3, 36.6, 
14.1, 67.6, 
12.1, 62.9, 
15.9, 70.9, 
41.9, 89.2, 
14.1, 67.6, 
26.8, 17.4, 
12.9, 65.0, 
82.5, 73.3, 
15.0, 69.3, 
31.8, 14.4, 
39.5, 88.6, 
78.4, 21.9, 
39.3, 88.6, 
77.2, 20.6, 
68.1, 85.7, 
81.7, 25.5, 
14.7, 31.2, 
66.4, 13.5, 
22.6, 20.8, 
82.8, 27.1, 
82.5, 26.7, 
47.6, 10.1, 
86.0, 67.3, 
88.6, 39.6, 
86.9, 34.5, 
72.4, 16.8, 
22.2, 78.7, 
10.0, 51.7, 
70.5, 84.4, 
24.3, 19.3, 
70.7, 15.7, 
27.6, 83.1, 
14.4, 68.2, 
65.4, 13.1, 
14.9, 69.2, 
50.3, 10.0, 
69.2, 85.1, 
22.6, 20.8, 
88.6, 39.5, 
10.4, 44.5, 
10.4, 44.2, 
12.2, 63.1, 
44.0, 89.6, 
10.2, 54.4, 
25.9, 18.1, 
89.8, 46.4, 
30.4, 84.9, 
72.4, 83.1, 
23.2, 79.7, 
10.6, 56.9, 
31.7, 85.6, 
40.3, 88.8, 
22.2, 78.8, 
37.1, 87.9, 
19.2, 75.5, 
85.5, 68.5, 
74.6, 81.6, 
42.5, 89.3, 
30.5, 15.1, 
75.8, 80.6, 
89.9, 53.4, 
16.2, 71.4, 
59.3, 11.1, 
23.8, 19.8, 
52.5, 89.9, 
26.1, 17.9, 
76.5, 80.0, 
85.1, 30.8, 
45.0, 10.3, 
24.3, 19.4, 
72.6, 17.0, 
11.7, 61.6, 
11.3, 39.8, 
12.0, 62.4, 
16.6, 28.1, 
42.0, 10.8, 
45.8, 89.8, 
51.7, 10.0, 
15.3, 69.8, 
13.8, 32.9, 
26.5, 82.3, 
76.0, 19.6, 
75.9, 80.5, 
63.9, 87.5, 
76.0, 80.4, 
80.4, 24.0, 
11.4, 60.5, 
13.0, 34.9, 
17.0, 27.3, 
89.9, 47.7, 
34.7, 87.0, 
39.7, 11.4, 
31.2, 85.3, 
62.0, 88.2, 
13.6, 33.3, 
18.4, 25.5, 
85.5, 31.5, 
86.9, 65.4, 
89.8, 54.1, 
45.8, 10.2, 
33.3, 13.7, 
14.8, 31.0, 
86.2, 67.0, 
89.1, 58.4, 
11.1, 40.7, 
43.1, 89.4, 
13.3, 66.0, 
38.9, 11.6, 
14.4, 31.7, 
11.8, 61.8, 
10.4, 55.7, 
26.2, 17.9, 
10.5, 43.7, 
74.4, 81.7, 
18.6, 74.8, 
80.1, 23.7, 
68.7, 14.7, 
86.5, 33.7, 
78.1, 21.5, 
85.4, 31.4, 
79.8, 23.3, 
60.9, 88.5, 
79.6, 23.1, 
89.6, 44.0, 
79.6, 23.1, 
86.5, 66.4, 
27.6, 16.9, 
43.9, 10.5, 
70.4, 84.4, 
22.4, 21.0, 
19.1, 24.6, 
47.4, 10.1, 
25.0, 18.8, 
48.3, 10.0, 
89.2, 42.0, 
36.3, 12.4, 
25.2, 18.6, 
12.6, 35.8, 
64.6, 12.8, 
84.1, 71.0, 
33.5, 13.6, 
89.9, 52.5, 
24.4, 19.3, 
12.8, 35.2, 
80.6, 75.8, 
88.1, 37.8, 
57.5, 10.7, 
40.4, 11.2, 
84.4, 70.4, 
14.2, 67.8, 
10.0, 51.5, 
42.6, 10.7, 
19.5, 75.9, 
13.9, 67.2, 
12.2, 63.1, 
90.0, 48.7, 
11.7, 61.5, 
89.5, 43.9, 
61.5, 88.3, 
10.9, 41.4, 
89.5, 56.3, 
78.7, 77.8, 
41.6, 89.1, 
10.5, 43.8, 
10.3, 45.2, 
39.4, 11.4, 
17.8, 26.2, 
84.1, 70.9, 
64.1, 12.6, 
88.1, 62.1, 
32.1, 14.2, 
23.3, 20.2, 
12.0, 37.6, 
57.1, 89.4, 
10.4, 44.6, 
55.0, 10.3, 
51.9, 90.0, 
89.2, 42.1, 
10.0, 48.8, 
54.7, 89.7, 
78.3, 21.8, 
16.8, 72.3, 
48.8, 90.0, 
89.9, 53.3, 
11.5, 60.8, 
30.6, 85.0, 
16.7, 27.8, 
72.8, 82.9, 
13.5, 33.7, 
88.4, 61.1, 
48.9, 90.0, 
68.4, 85.5, 
11.1, 59.5, 
83.7, 71.6, 
12.7, 64.6, 
28.2, 83.6, 
17.5, 26.6, 
84.5, 70.3, 
10.4, 44.4, 
48.4, 10.0, 
24.3, 19.3, 
10.4, 55.7, 
29.0, 15.9, 
54.9, 10.3, 
86.5, 33.6, 
90.0, 49.5, 
89.9, 47.8, 
27.0, 17.3, 
49.8, 10.0, 
57.6, 89.3, 
23.6, 20.0, 
88.0, 62.4, 
83.1, 27.5, 
19.8, 76.2, 
10.1, 47.6, 
35.8, 87.4, 
74.3, 81.7, 
85.5, 68.4, 
45.5, 89.7, 
60.9, 11.5, 
50.4, 90.0, 
23.1, 79.6, 
10.7, 42.7, 
16.2, 71.4, 
20.9, 22.5, 
42.5, 89.3, 
86.8, 65.8, 
40.5, 11.1, 
33.9, 86.6, 
89.8, 54.4, 
78.2, 21.6, 
15.2, 30.3, 
20.0, 76.5, 
67.5, 14.0, 
66.3, 13.5, 
37.5, 12.0, 
15.9, 29.1, 
46.9, 89.9, 
21.9, 78.4, 
11.7, 61.6, 
75.9, 80.5, 
81.4, 25.2, 
88.1, 62.1, 
89.8, 46.5, 
15.0, 69.3, 
89.7, 54.7, 
25.6, 81.7, 
80.4, 76.0, 
54.2, 10.2, 
47.5, 89.9, 
11.9, 38.0, 
79.3, 22.8, 
13.3, 34.0, 
13.8, 33.1, 
83.8, 28.7, 
75.3, 19.0, 
79.5, 23.0, 
87.5, 36.1, 
49.4, 90.0, 
10.8, 58.0, 
10.9, 58.6, 
13.9, 32.9, 
80.3, 76.1, 
32.2, 85.8, 
77.9, 21.4, 
29.8, 15.5, 
48.4, 10.0, 
33.5, 86.5, 
22.5, 79.1, 
87.3, 64.5, 
58.0, 10.8, 
52.6, 10.1, 
87.0, 65.1, 
82.0, 73.9, 
88.9, 40.5, 
33.9, 86.6, 
89.7, 44.8, 
26.2, 17.9, 
89.6, 44.2, 
79.8, 23.3, 
14.4, 31.8, 
20.4, 23.0, 
73.7, 17.8, 
77.3, 20.8, 
27.3, 17.0, 
80.9, 24.6, 
14.9, 69.1, 
51.9, 10.0, 
58.1, 10.8, 
88.6, 60.6, 
89.3, 57.2, 
61.1, 88.4, 
60.8, 88.5, 
88.9, 40.8, 
36.2, 87.5, 
14.6, 31.4, 
18.2, 25.7, 
82.7, 27.0, 
49.1, 90.0, 
52.2, 89.9, 
89.5, 43.9, 
70.9, 84.1, 
61.2, 11.6, 
84.3, 29.4, 
90.0, 49.7, 
30.4, 84.9, 
30.2, 15.2, 
86.4, 66.6, 
28.0, 83.4, 
73.3, 17.5, 
30.9, 85.1, 
32.5, 86.0, 
89.7, 54.8, 
77.8, 78.7, 
11.0, 41.3, 
10.7, 42.5, 
60.0, 11.3, 
71.7, 83.6, 
20.3, 23.2, 
85.9, 67.6, 
86.9, 34.5, 
88.8, 59.6, 
34.8, 13.0, 
64.2, 87.4, 
29.3, 84.2, 
50.7, 90.0, 
41.9, 89.2, 
20.5, 23.0, 
25.4, 18.5, 
89.8, 53.7, 
33.1, 86.3, 
88.7, 39.7, 
47.3, 10.1, 
31.4, 85.4, 
80.0, 23.5, 
24.1, 80.5, 
75.2, 18.9, 
47.5, 10.1, 
46.3, 10.2, 
66.0, 86.7, 
11.2, 40.5, 
83.1, 27.5, 
13.2, 65.8, 
89.7, 45.4, 
41.6, 10.9, 
81.8, 74.3, 
12.1, 62.7, 
74.5, 81.6, 
10.2, 46.2, 
10.4, 55.7, 
45.6, 89.8, 
52.2, 89.9, 
82.5, 26.7, 
44.7, 10.4, 
81.1, 24.8, 
17.4, 26.9, 
54.6, 89.7, 
66.1, 86.6, 
83.5, 28.1, 
48.9, 90.0, 
22.5, 20.9, 
11.2, 40.1, 
49.2, 10.0, 
10.9, 58.3, 
50.4, 90.0, 
17.8, 26.3, 
49.7, 10.0, 
68.4, 85.5, 
10.9, 41.4, 
47.7, 89.9, 
20.3, 23.3, 
15.0, 69.3, 
72.6, 17.0, 
78.3, 21.7, 
69.7, 15.2, 
22.3, 78.9, 
83.1, 27.6, 
76.9, 20.4, 
52.2, 89.9, 
68.7, 85.4, 
25.3, 81.4, 
88.7, 39.7, 
82.8, 27.1, 
85.4, 68.6, 
79.3, 22.8, 
55.0, 89.7, 
87.2, 64.7, 
76.2, 19.8, 
88.7, 60.2, 
12.4, 63.6, 
81.0, 75.2, 
86.1, 67.2, 
12.2, 63.0, 
50.7, 10.0, 
80.8, 24.5, 
18.0, 74.0, 
31.5, 14.5, 
89.5, 43.8, 
60.4, 88.6, 
17.6, 73.4, 
22.8, 79.4, 
31.4, 85.4, 
79.5, 77.1, 
44.0, 10.5, 
87.6, 36.5, 
44.9, 89.7, 
10.4, 56.0, 
37.6, 12.0, 
78.2, 78.3, 
37.4, 12.0, 
85.5, 68.4, 
75.9, 19.5, 
77.5, 21.0, 
62.1, 11.9, 
65.0, 12.9, 
20.2, 23.3, 
34.8, 87.0, 
44.3, 10.4, 
87.3, 35.7, 
63.8, 87.5, 
87.1, 35.1, 
45.8, 10.2, 
88.4, 61.1, 
79.0, 77.5, 
66.6, 13.6, 
10.0, 50.0, 
89.8, 45.8, 
90.0, 51.4, 
90.0, 49.9, 
22.7, 79.2, 
90.0, 49.7, 
88.9, 59.2, 
69.9, 15.3, 
54.3, 10.2, 
10.0, 51.4, 
77.9, 21.3, 
29.5, 84.3, 
47.0, 10.1, 
41.4, 89.1, 
89.8, 53.8, 
50.7, 90.0, 
81.9, 25.8, 
13.2, 34.3, 
31.0, 85.2, 
89.5, 43.9, 
81.3, 25.1, 
10.0, 50.8, 
59.5, 88.9, 
13.7, 33.2, 
34.3, 86.8, 
73.9, 82.1, 
12.1, 37.3, 
58.7, 89.0, 
68.4, 14.5, 
47.0, 89.9, 
26.7, 17.5, 
57.0, 89.4, 
89.3, 42.3, 
55.7, 89.6, 
46.9, 10.1, 
72.3, 16.8, 
15.7, 29.5, 
85.2, 31.1, 
47.0, 10.1, 
36.5, 87.6, 
46.6, 89.9, 
85.9, 32.3, 
20.9, 77.5, 
55.7, 10.4, 
24.6, 80.9, 
87.7, 36.6, 
31.4, 14.6, 
88.7, 60.2, 
71.9, 83.5, 
33.5, 13.5, 
89.6, 55.8, 
78.9, 77.6, 
39.5, 11.4, 
10.2, 46.1, 
21.0, 22.4, 
15.6, 70.5, 
49.2, 10.0, 
24.1, 19.5, 
26.0, 82.0, 
10.1, 47.3, 
13.0, 34.8, 
52.8, 89.9, 
38.0, 11.8, 
73.3, 82.5, 
13.9, 32.7, 
87.2, 64.7, 
18.3, 25.6, 
70.9, 15.9, 
42.1, 89.2, 
20.6, 22.9, 
78.7, 22.1, 
23.3, 79.7, 
49.9, 90.0, 
15.8, 29.2, 
70.0, 84.6, 
82.6, 73.2, 
57.2, 10.6, 
52.1, 89.9, 
14.8, 31.0, 
69.4, 85.0, 
78.7, 77.9, 
46.4, 89.8, 
18.4, 25.5, 
43.2, 89.4, 
32.0, 14.3, 
56.9, 10.6, 
37.7, 11.9, 
13.2, 34.4, 
37.9, 88.1, 
65.7, 86.8, 
22.6, 20.9, 
49.1, 10.0, 
10.6, 42.9, 
14.1, 67.7, 
19.7, 23.9, 
10.3, 45.1, 
86.7, 65.8, 
75.3, 19.0, 
10.9, 58.3, 
83.5, 28.1, 
48.7, 10.0, 
49.1, 90.0, 
15.0, 69.4, 
16.7, 72.1, 
38.0, 11.9, 
35.6, 12.7, 
58.6, 89.1, 
10.7, 42.3, 
18.3, 25.6, 
68.6, 14.6, 
89.7, 54.5, 
53.5, 89.8, 
65.0, 87.1, 
60.8, 11.5, 
55.9, 89.6, 
52.9, 89.9, 
75.8, 80.6, 
81.2, 24.9, 
52.0, 10.0, 
89.9, 46.7, 
37.0, 87.8, 
36.9, 87.8, 
50.3, 90.0, 
10.1, 47.2, 
15.8, 70.7, 
43.7, 10.5, 
81.3, 74.9, 
83.2, 27.8, 
14.5, 68.5, 
78.2, 21.6, 
58.6, 89.1, 
27.1, 17.2, 
85.0, 30.6, 
82.2, 26.3, 
54.8, 10.3, 
87.9, 62.9, 
72.8, 17.1, 
10.5, 56.4, 
12.2, 36.9, 
10.6, 43.1, 
66.2, 86.6, 
10.5, 44.0, 
22.6, 79.1, 
75.5, 80.8, 
82.7, 73.1, 
29.0, 84.0, 
65.4, 13.1, 
49.1, 90.0, 
64.2, 87.4, 
62.3, 88.1, 
89.8, 45.8, 
89.6, 55.6, 
10.2, 54.4, 
10.4, 55.3, 
65.9, 13.3, 
10.5, 43.4, 
53.8, 10.2, 
88.1, 62.1, 
11.9, 62.3, 
22.1, 78.6, 
36.1, 12.5, 
10.0, 51.9, 
28.8, 16.1, 
83.7, 28.4, 
15.9, 70.9, 
87.5, 36.2, 
14.9, 30.9, 
81.6, 25.5, 
42.2, 10.8, 
10.1, 52.5, 
64.5, 12.7, 
67.5, 14.0, 
56.5, 89.5, 
21.7, 78.2, 
20.1, 23.4, 
90.0, 50.9, 
78.6, 78.0, 
70.3, 84.5, 
39.1, 88.5, 
27.2, 82.9, 
10.6, 57.1, 
78.1, 21.5, 
87.3, 64.4, 
11.6, 38.9, 
68.8, 14.7, 
15.0, 30.7, 
86.8, 65.6, 
84.1, 71.0, 
11.4, 39.7, 
50.4, 10.0, 
22.0, 21.4, 
37.7, 88.1, 
37.3, 87.9, 
77.6, 79.0, 
10.9, 41.5, 
17.0, 27.4, 
20.3, 23.2, 
60.7, 88.6, 
84.1, 29.0, 
66.5, 86.4, 
21.7, 21.7, 
75.1, 18.9, 
12.0, 62.4, 
89.8, 54.4, 
89.0, 59.1, 
82.4, 26.5, 
69.4, 15.0, 
85.2, 68.9, 
17.4, 73.2, 
19.1, 24.6, 
10.1, 47.6, 
44.9, 89.7, 
53.0, 89.9, 
48.6, 90.0, 
71.5, 83.7, 
80.5, 75.9, 
10.1, 47.2, 
88.7, 39.9, 
54.8, 89.7, 
78.3, 78.3, 
41.0, 89.0, 
90.0, 49.9, 
88.8, 59.9, 
76.3, 80.1, 
77.8, 21.3, 
87.0, 65.3, 
61.4, 11.7, 
64.2, 12.6, 
68.3, 85.6, 
10.2, 54.1, 
43.4, 10.6, 
30.1, 15.3, 
11.9, 62.2, 
12.0, 62.5, 
89.7, 54.6, 
44.5, 10.4, 
40.8, 11.1, 
33.9, 86.6, 
88.2, 61.9, 
62.6, 12.0, 
14.1, 32.4, 
47.2, 10.1, 
40.1, 88.8, 
68.0, 14.3, 
67.4, 86.0, 
10.0, 51.0, 
48.5, 90.0, 
20.3, 76.8, 
83.9, 28.8, 
71.2, 83.9, 
28.4, 83.7, 
84.0, 28.9, 
34.3, 13.2, 
43.5, 10.5, 
54.1, 89.8, 
31.3, 85.4, 
38.2, 11.8, 
37.5, 88.0, 
25.1, 18.7, 
35.4, 12.8, 
43.9, 10.5, 
36.8, 87.7, 
77.6, 21.1, 
45.1, 10.3, 
87.4, 64.1, 
49.8, 90.0, 
76.9, 79.6, 
10.6, 42.9, 
87.6, 63.6, 
43.1, 10.6, 
80.6, 24.3, 
84.5, 70.2, 
88.5, 60.9, 
17.7, 26.4, 
50.7, 90.0, 
89.3, 42.4, 
19.1, 24.5, 
56.5, 10.5, 
89.0, 59.0, 
30.3, 15.2, 
22.7, 20.8, 
10.3, 54.9, 
83.7, 28.4, 
73.1, 17.3, 
13.3, 34.0, 
89.8, 53.7, 
90.0, 50.5, 
30.2, 15.2, 
38.4, 88.3, 
48.4, 10.0, 
89.1, 58.3, 
86.9, 34.7, 
26.6, 17.5, 
27.0, 82.7, 
68.7, 14.6, 
75.5, 19.2, 
58.2, 10.8, 
12.5, 63.9, 
89.1, 41.4, 
89.0, 41.3, 
75.2, 18.9, 
84.1, 29.1, 
85.3, 68.7, 
11.1, 40.7, 
81.6, 74.5, 
43.1, 10.6, 
42.1, 89.2, 
68.5, 14.5, 
42.1, 89.2, 
12.0, 37.5, 
24.0, 19.6, 
25.1, 81.3, 
79.2, 22.6, 
12.3, 36.6, 
89.9, 52.4, 
24.6, 80.9, 
61.4, 88.3, 
74.6, 81.5, 
15.1, 30.5, 
11.8, 38.3, 
64.9, 87.1, 
19.1, 75.5, 
43.2, 89.4, 
83.0, 72.6, 
13.6, 33.5, 
78.7, 22.1, 
30.1, 84.7, 
15.5, 29.7, 
48.9, 10.0, 
73.0, 17.3, 
30.3, 84.8, 
89.8, 53.8, 
81.0, 75.3, 
66.1, 86.6, 
59.9, 11.2, 
77.5, 79.1, 
90.0, 51.7, 
53.7, 10.2, 
72.2, 83.3, 
47.8, 10.1, 
11.2, 59.9, 
85.6, 31.8, 
53.4, 10.1, 
85.4, 31.4, 
37.8, 11.9, 
89.0, 41.1, 
52.1, 89.9, 
68.5, 85.5, 
76.8, 79.7, 
51.2, 90.0, 
88.9, 40.7, 
79.0, 22.4, 
27.4, 17.0, 
84.8, 69.8, 
63.6, 87.6, 
89.6, 44.2, 
53.8, 10.2, 
88.4, 38.7, 
74.2, 18.1, 
63.2, 12.2, 
31.2, 14.7, 
82.0, 74.1, 
62.9, 12.2, 
33.8, 13.4, 
55.0, 10.3, 
69.7, 84.8, 
10.0, 50.8, 
26.1, 82.0, 
51.8, 90.0, 
84.6, 70.1, 
56.3, 10.5, 
86.7, 65.9, 
26.9, 17.3, 
40.5, 88.9, 
34.3, 86.8, 
31.7, 14.4, 
39.3, 11.5, 
66.7, 13.6, 
10.8, 58.1, 
30.6, 15.0, 
60.7, 88.6, 
89.0, 59.1, 
10.0, 50.2, 
67.8, 85.8, 
85.8, 67.8, 
15.2, 30.3, 
78.9, 22.4, 
45.6, 10.2, 
21.5, 78.0, 
12.2, 36.9, 
35.0, 87.1, 
10.0, 48.4, 
13.8, 32.9, 
81.8, 25.8, 
63.2, 12.2, 
89.2, 58.1, 
89.0, 41.3, 
88.0, 62.4, 
16.4, 71.8, 
89.8, 53.6, 
35.1, 87.1, 
10.0, 50.5, 
10.4, 44.1, 
82.4, 26.5, 
29.3, 84.3, 
68.9, 85.3, 
11.1, 40.5, 
17.9, 73.8, 
25.7, 81.7, 
87.5, 36.1, 
20.9, 77.4, 
12.6, 64.2, 
58.8, 11.0, 
49.4, 10.0, 
10.5, 56.5, 
24.0, 80.4, 
83.1, 72.4, 
20.9, 22.6, 
26.4, 17.7, 
44.3, 89.6, 
87.6, 63.6, 
11.7, 38.4, 
85.7, 68.0, 
21.9, 78.4, 
10.4, 55.4, 
73.7, 82.2, 
68.3, 85.6, 
83.6, 28.4, 
10.6, 43.1, 
11.7, 38.4, 
87.1, 64.9, 
10.3, 45.1, 
89.2, 42.1, 
64.1, 87.4, 
68.9, 85.2, 
38.9, 88.4, 
56.3, 89.5, 
39.1, 88.5, 
87.6, 36.4, 
86.8, 34.3, 
10.0, 52.0, 
17.3, 26.9, 
18.6, 25.2, 
20.9, 22.5, 
10.1, 52.8, 
53.8, 10.2, 
69.3, 15.0, 
36.6, 12.3, 
15.0, 69.4, 
38.8, 11.6, 
56.7, 89.4, 
75.4, 80.9, 
60.2, 11.3, 
10.1, 47.0, 
44.6, 89.6, 
29.2, 15.9, 
77.8, 21.2, 
44.4, 10.4, 
10.0, 49.3, 
12.4, 63.7, 
24.5, 19.2, 
60.5, 88.6, 
17.2, 27.1, 
10.1, 47.8, 
74.4, 18.3, 
69.1, 14.8, 
10.1, 52.1, 
19.7, 23.9, 
77.3, 20.8, 
86.1, 67.2, 
20.2, 23.3, 
85.7, 68.1, 
52.8, 89.9, 
13.9, 67.2, 
17.3, 73.0, 
18.9, 24.9, 
63.7, 87.6, 
84.6, 29.9, 
68.0, 14.3, 
18.3, 74.4, 
87.9, 62.6, 
10.1, 52.3, 
66.9, 13.8, 
37.1, 12.1, 
35.3, 12.8, 
22.5, 79.0, 
22.6, 79.1, 
57.1, 10.6, 
17.1, 27.3, 
77.8, 21.2, 
34.0, 13.4, 
20.9, 22.6, 
89.8, 46.1, 
26.3, 17.8, 
35.8, 87.4, 
37.5, 12.0, 
88.1, 37.9, 
58.8, 89.0, 
89.7, 45.1, 
84.9, 30.5, 
29.0, 16.0, 
68.5, 85.5, 
84.9, 30.5, 
49.9, 90.0, 
16.3, 28.4, 
84.7, 69.8, 
64.2, 87.4, 
85.9, 32.3, 
48.1, 90.0, 
83.8, 28.6, 
23.1, 79.6, 
89.9, 47.5, 
10.9, 41.4, 
21.2, 22.3, 
41.4, 10.9, 
20.0, 76.5, 
73.9, 18.0, 
22.0, 21.5, 
90.0, 49.3, 
17.7, 73.7, 
66.0, 86.7, 
31.1, 14.7, 
89.7, 44.8, 
20.8, 22.7, 
73.2, 82.6, 
23.5, 20.0, 
60.1, 88.7, 
10.4, 55.3, 
56.8, 89.4, 
89.8, 45.8, 
63.9, 87.5, 
12.3, 36.5, 
52.3, 10.1, 
83.8, 71.4, 
86.4, 66.6, 
26.7, 17.5, 
24.7, 19.0, 
36.6, 12.3, 
13.5, 33.6, 
61.5, 11.7, 
53.9, 10.2, 
82.1, 73.9, 
89.1, 41.6, 
11.0, 40.9, 
72.9, 17.2, 
54.2, 10.2, 
11.5, 39.0, 
82.8, 72.9, 
21.2, 22.2, 
40.6, 88.9, 
52.5, 89.9, 
12.3, 63.5, 
42.1, 89.2, 
40.4, 88.8, 
30.6, 85.0, 
10.9, 41.7, 
46.9, 10.1, 
84.2, 29.3, 
61.7, 11.8, 
13.1, 34.7, 
10.4, 44.4, 
81.5, 25.4, 
61.3, 11.6, 
58.4, 89.1, 
59.4, 88.9, 
89.8, 53.8, 
78.6, 22.1, 
57.3, 10.7, 
85.0, 69.5, 
84.7, 30.1, 
11.4, 39.3, 
67.3, 86.0, 
16.4, 71.7, 
83.2, 27.6, 
56.2, 89.5, 
62.3, 11.9, 
21.0, 22.5, 
23.4, 20.1, 
15.0, 30.6, 
14.3, 68.0, 
80.4, 24.0, 
15.3, 69.9, 
75.0, 81.2, 
89.9, 46.8, 
59.2, 88.9, 
84.7, 30.2, 
23.7, 80.2, 
88.9, 59.3, 
67.1, 13.8, 
25.6, 81.7, 
42.6, 89.3, 
42.3, 89.3, 
10.0, 51.1, 
11.1, 40.6, 
17.8, 73.7, 
10.1, 47.8, 
14.7, 31.2, 
22.9, 79.5, 
88.9, 59.3, 
51.3, 10.0, 
75.1, 81.1, 
57.0, 10.6, 
30.9, 85.1, 
80.7, 75.6, 
33.0, 86.2, 
20.9, 22.6, 
79.5, 77.0, 
14.9, 30.9, 
65.2, 13.0, 
10.0, 51.2, 
18.1, 25.9, 
40.9, 11.1, 
83.3, 27.9, 
89.1, 41.4, 
63.1, 87.8, 
51.8, 90.0, 
10.6, 43.1, 
52.1, 10.1, 
72.9, 82.8, 
83.2, 72.3, 
76.7, 79.8, 
32.6, 86.0, 
11.4, 60.5, 
79.6, 23.1, 
46.4, 89.8, 
17.7, 73.6, 
79.3, 22.8, 
14.3, 68.1, 
88.6, 39.5, 
23.9, 19.7, 
22.3, 78.8, 
72.0, 16.6, 
71.4, 16.2, 
89.3, 57.7, 
26.7, 82.5, 
58.9, 89.0, 
20.0, 76.4, 
76.3, 19.8, 
88.8, 40.3, 
20.4, 23.1, 
62.4, 12.0, 
89.0, 58.9, 
17.8, 73.7, 
10.5, 43.9, 
11.6, 61.1, 
18.0, 74.1, 
35.9, 12.6, 
15.4, 29.9, 
37.1, 87.9, 
16.6, 71.9, 
22.8, 20.7, 
46.8, 89.9, 
70.3, 15.5, 
45.8, 10.2, 
15.6, 70.4, 
15.1, 30.5, 
17.8, 73.7, 
11.0, 41.0, 
31.6, 14.5, 
54.6, 10.3, 
82.1, 73.8, 
66.4, 13.5, 
15.2, 69.6, 
10.5, 56.1, 
20.8, 77.3, 
52.1, 89.9, 
12.0, 37.6, 
14.0, 67.4, 
70.2, 15.5, 
86.5, 33.7, 
86.8, 65.6, 
51.2, 90.0, 
64.8, 87.2, 
10.0, 49.9, 
50.1, 10.0, 
16.0, 71.0, 
74.4, 81.7, 
29.0, 84.0, 
87.7, 63.5, 
90.0, 48.8, 
12.3, 36.7, 
66.4, 13.5, 
67.0, 13.8, 
31.9, 85.7, 
59.1, 11.0, 
13.5, 66.4, 
10.8, 42.1, 
70.8, 84.2, 
87.5, 64.0, 
33.8, 86.6, 
83.1, 72.5, 
11.1, 40.5, 
12.9, 35.0, 
43.1, 89.4, 
74.6, 81.5, 
75.0, 81.2, 
12.1, 37.1, 
75.4, 80.9, 
80.7, 24.4, 
22.4, 79.0, 
35.6, 12.7, 
11.0, 59.0, 
83.3, 72.1, 
19.6, 24.0, 
26.7, 17.5, 
26.2, 82.1, 
37.5, 88.0, 
59.6, 11.2, 
89.2, 41.9, 
42.7, 10.7, 
34.1, 86.7, 
74.4, 81.7, 
74.8, 81.3, 
29.8, 15.5, 
85.8, 32.2, 
39.7, 88.7, 
90.0, 50.0, 
76.9, 79.6, 
80.6, 24.2, 
10.1, 52.6, 
42.4, 89.3, 
70.5, 15.6, 
74.3, 81.8, 
63.3, 87.7, 
10.0, 49.8, 
14.9, 69.2, 
34.6, 86.9, 
73.6, 17.7, 
87.6, 63.5, 
23.6, 19.9, 
14.9, 69.2, 
48.1, 10.0, 
48.0, 89.9, 
85.2, 69.0, 
78.1, 78.5, 
33.8, 86.6, 
12.2, 63.0, 
58.3, 10.9, 
90.0, 49.6, 
59.0, 11.0, 
57.7, 89.2, 
67.8, 85.8, 
70.0, 15.4, 
69.7, 15.2, 
43.4, 89.5, 
65.0, 12.9, 
83.7, 71.5, 
10.9, 41.5, 
86.7, 65.8, 
51.7, 10.0, 
65.6, 13.2, 
89.0, 58.9, 
28.0, 83.4, 
79.6, 23.1, 
49.6, 90.0, 
89.9, 46.9, 
74.8, 81.3, 
22.0, 21.4, 
64.2, 12.6, 
88.1, 62.3, 
89.5, 56.5, 
20.0, 76.4, 
15.2, 30.4, 
87.4, 35.8, 
43.1, 89.4, 
19.7, 23.9, 
73.5, 17.7, 
14.6, 68.6, 
43.2, 89.4, 
42.7, 10.7, 
89.7, 45.1, 
10.2, 45.8, 
14.7, 68.7, 
10.9, 58.6, 
17.3, 27.0, 
89.9, 47.5, 
84.8, 30.4, 
87.6, 63.6, 
90.0, 49.2, 
85.0, 69.4, 
61.3, 88.4, 
74.3, 81.8, 
16.0, 28.9, 
25.0, 18.8, 
42.1, 89.2, 
89.7, 44.8, 
66.0, 86.7, 
25.2, 18.6, 
90.0, 51.2, 
70.4, 15.6, 
32.8, 86.1, 
70.8, 15.8, 
15.8, 29.2, 
82.1, 73.9, 
54.0, 89.8, 
25.4, 18.5, 
90.0, 48.1, 
20.4, 23.1, 
30.2, 15.3, 
11.6, 61.1, 
40.6, 11.1, 
24.6, 80.9, 
11.5, 39.1, 
47.6, 89.9, 
22.7, 20.8, 
41.6, 10.9, 
10.2, 45.7, 
19.6, 76.1, 
69.4, 85.0, 
88.8, 40.3, 
44.0, 89.5, 
63.4, 12.3, 
30.6, 85.0, 
16.0, 71.0, 
14.4, 68.2, 
66.9, 13.8, 
30.1, 84.7, 
56.4, 10.5, 
33.4, 86.4, 
20.7, 77.2, 
11.6, 61.1, 
88.5, 60.9, 
32.3, 85.9, 
33.8, 86.6, 
10.9, 58.3, 
14.8, 69.0, 
83.1, 72.5, 
13.7, 66.9, 
58.0, 89.2, 
32.4, 14.1, 
15.5, 29.7, 
78.8, 77.8, 
85.6, 31.7, 
21.2, 22.3, 
14.3, 68.0, 
37.0, 87.8, 
10.4, 56.0, 
13.9, 32.7, 
83.5, 28.1, 
32.5, 14.0, 
78.1, 21.5, 
10.0, 50.7, 
14.2, 67.8, 
68.1, 85.7, 
12.5, 63.9, 
85.5, 68.4, 
57.6, 10.7, 
48.4, 90.0, 
37.2, 87.9, 
67.6, 85.9, 
10.0, 48.7, 
11.2, 40.5, 
84.0, 28.9, 
10.8, 41.8, 
26.2, 17.9, 
11.8, 38.3, 
22.2, 21.2, 
36.2, 12.5, 
34.8, 13.0, 
78.8, 22.2, 
67.8, 14.2, 
27.1, 17.2, 
69.0, 85.2, 
89.7, 54.9, 
54.3, 89.8, 
59.9, 11.2, 
85.1, 69.2, 
83.8, 28.7, 
83.2, 72.3, 
22.2, 78.8, 
77.2, 20.6, 
88.4, 38.8, 
12.9, 64.9, 
79.0, 22.4, 
44.3, 89.6, 
29.9, 15.4, 
85.3, 31.3, 
84.3, 70.7, 
50.7, 90.0, 
10.0, 48.5, 
34.1, 86.7, 
46.9, 89.9, 
71.4, 83.8, 
76.2, 80.2, 
72.1, 16.7, 
73.8, 82.1, 
87.1, 35.0, 
56.8, 89.4, 
76.5, 20.0, 
42.6, 10.7, 
64.2, 12.6, 
89.2, 42.3, 
36.2, 87.5, 
64.0, 87.5, 
59.7, 11.2, 
50.5, 90.0, 
15.4, 30.0, 
89.6, 44.6, 
27.1, 82.8, 
87.8, 36.9, 
52.6, 89.9, 
37.7, 88.1, 
65.5, 86.9, 
84.4, 70.4, 
11.0, 58.9, 
88.7, 39.8, 
77.4, 79.1, 
90.0, 48.7, 
10.2, 45.8, 
58.0, 10.8, 
75.0, 18.8, 
89.8, 46.4, 
60.9, 88.5, 
62.4, 88.0, 
14.0, 67.4, 
17.7, 73.6, 
14.6, 68.6, 
17.9, 73.8, 
11.0, 41.2, 
87.5, 36.1, 
43.5, 89.5, 
50.9, 90.0, 
56.6, 89.5, 
38.1, 11.8, 
78.8, 22.3, 
21.7, 21.7, 
57.6, 89.3, 
39.1, 11.5, 
44.0, 89.6, 
33.9, 86.6, 
11.9, 37.9, 
23.7, 19.9, 
56.4, 89.5, 
67.7, 14.1, 
85.1, 30.9, 
87.3, 64.5, 
32.4, 85.9, 
52.3, 10.1, 
86.4, 33.4, 
14.7, 68.8, 
86.3, 66.8, 
89.4, 56.7, 
16.8, 72.3, 
15.6, 29.6, 
16.2, 28.6, 
25.4, 81.6, 
75.6, 80.7, 
60.2, 11.3, 
24.7, 19.0, 
88.9, 59.5, 
89.7, 45.5, 
88.0, 37.4, 
53.9, 89.8, 
85.3, 31.1, 
77.8, 78.8, 
47.2, 89.9, 
52.0, 10.0, 
18.8, 25.0, 
10.0, 49.2, 
88.9, 40.7, 
25.0, 81.2, 
84.4, 70.3, 
10.5, 43.6, 
26.4, 17.7, 
29.3, 84.3, 
13.1, 34.6, 
53.9, 10.2, 
61.2, 88.4, 
80.5, 24.1, 
86.4, 66.6, 
88.6, 60.5, 
10.4, 55.5, 
10.2, 46.2, 
31.7, 85.6, 
88.9, 59.4, 
10.0, 50.7, 
25.4, 81.5, 
58.3, 10.9, 
58.7, 89.1, 
35.4, 12.7, 
30.7, 15.0, 
10.8, 58.0, 
41.3, 11.0, 
10.0, 49.4, 
46.8, 10.1, 
87.0, 34.8, 
37.8, 88.1, 
81.5, 74.7, 
89.7, 44.9, 
19.9, 76.3, 
11.7, 38.3, 
27.4, 17.0, 
90.0, 48.0, 
13.7, 33.2, 
55.6, 89.6, 
37.4, 12.0, 
76.7, 20.2, 
19.7, 23.9, 
29.9, 15.4, 
86.5, 66.3, 
66.4, 86.5, 
44.2, 89.6, 
19.4, 24.3, 
46.5, 89.8, 
85.7, 31.9, 
87.5, 64.0, 
55.1, 10.3, 
15.3, 30.1, 
85.9, 32.4, 
80.5, 75.9, 
50.9, 90.0, 
57.8, 89.2, 
77.1, 79.4, 
18.4, 25.5, 
38.6, 11.7, 
18.7, 74.9, 
43.2, 89.4, 
74.0, 82.0, 
12.3, 36.7, 
16.7, 72.2, 
10.4, 44.4, 
15.2, 30.4, 
78.7, 22.1, 
63.4, 87.7, 
89.8, 45.8, 
86.8, 34.4, 
35.4, 87.3, 
65.8, 86.8, 
12.3, 36.6, 
48.0, 89.9, 
81.9, 74.1, 
68.4, 85.5, 
79.1, 22.6, 
81.2, 24.9, 
67.1, 13.9, 
22.2, 21.2, 
63.2, 87.8, 
24.7, 81.0, 
39.1, 88.5, 
10.0, 50.4, 
86.7, 34.1, 
38.0, 88.1, 
76.6, 79.9, 
10.5, 56.4, 
30.8, 85.1, 
83.4, 71.9, 
14.8, 31.0, 
38.3, 11.8, 
88.9, 59.4, 
57.1, 89.4, 
68.4, 14.5, 
42.6, 89.3, 
63.1, 87.8, 
31.7, 14.4, 
46.0, 10.2, 
20.1, 76.6, 
82.7, 27.0, 
64.1, 87.4, 
20.5, 77.0, 
83.9, 28.7, 
13.9, 67.2, 
82.5, 26.7, 
10.1, 52.5, 
15.1, 69.6, 
16.0, 28.9, 
73.2, 17.4, 
13.5, 33.7, 
89.0, 40.9, 
24.5, 19.2, 
14.1, 67.6, 
86.3, 33.3, 
87.9, 37.2, 
81.9, 25.8, 
83.9, 71.2, 
69.6, 15.1, 
89.3, 42.5, 
79.8, 23.4, 
69.4, 15.0, 
83.2, 27.7, 
18.6, 74.8, 
47.5, 10.1, 
69.3, 15.0, 
11.7, 61.5, 
72.8, 17.2, 
58.8, 89.0, 
64.0, 12.5, 
18.0, 26.0, 
17.4, 73.1, 
61.4, 11.7, 
86.8, 34.3, 
25.9, 81.9, 
21.7, 78.3, 
44.8, 89.7, 
90.0, 50.3, 
83.9, 71.2, 
25.3, 18.5, 
70.0, 84.6, 
17.1, 27.2, 
14.5, 68.5, 
44.2, 10.4, 
58.9, 89.0, 
90.0, 52.0, 
63.0, 87.8, 
10.2, 46.5, 
88.1, 37.9, 
75.9, 19.5, 
44.8, 89.7, 
10.6, 56.6, 
12.0, 37.5, 
26.1, 17.9, 
10.0, 51.2, 
18.8, 75.1, 
89.9, 52.5, 
74.2, 81.9, 
73.2, 17.4, 
71.6, 83.7, 
17.6, 26.6, 
82.1, 26.2, 
10.3, 54.9, 
74.8, 81.4, 
89.9, 47.9, 
89.5, 43.4, 
25.3, 18.6, 
60.8, 11.5, 
83.0, 27.4, 
83.5, 28.2, 
17.8, 26.2, 
10.1, 53.1, 
76.1, 19.7, 
46.6, 10.1, 
88.3, 38.6, 
79.7, 76.8, 
87.7, 63.2, 
26.9, 82.7, 
35.4, 12.8, 
29.6, 15.6, 
46.8, 10.1, 
11.7, 61.4, 
62.9, 87.9, 
89.9, 52.5, 
10.9, 58.3, 
89.7, 45.4, 
72.8, 17.1, 
87.2, 64.6, 
65.3, 13.0, 
78.7, 77.9, 
32.2, 14.2, 
85.6, 68.1, 
56.0, 10.5, 
42.3, 10.8, 
89.1, 58.6, 
11.8, 61.8, 
22.5, 79.0, 
90.0, 48.9, 
41.0, 11.0, 
53.6, 89.8, 
24.8, 81.1, 
11.0, 58.8, 
47.2, 89.9, 
80.5, 24.1, 
79.9, 23.4, 
28.1, 83.5, 
44.5, 10.4, 
44.2, 89.6, 
85.6, 31.8, 
48.5, 90.0, 
31.4, 85.4, 
23.0, 79.5, 
14.1, 67.7, 
17.4, 26.9, 
57.3, 89.3, 
89.8, 45.9, 
21.5, 78.1, 
31.7, 85.5, 
22.2, 21.3, 
23.5, 80.0, 
33.9, 13.4, 
11.8, 38.1, 
41.0, 11.0, 
78.6, 77.9, 
14.4, 31.7, 
13.0, 34.8, 
73.1, 82.6, 
86.7, 34.1, 
26.6, 82.4, 
15.7, 70.6, 
86.3, 66.9, 
32.3, 14.1, 
19.2, 24.5, 
49.5, 90.0, 
83.0, 27.5, 
65.5, 13.1, 
11.1, 40.7, 
88.0, 37.6, 
31.7, 85.6, 
84.2, 29.3, 
23.6, 20.0, 
26.1, 82.1, 
49.7, 10.0, 
87.2, 64.6, 
21.7, 21.7, 
56.9, 89.4, 
86.4, 33.4, 
26.8, 82.6, 
13.3, 65.9, 
62.8, 12.1, 
87.2, 64.8, 
52.6, 89.9, 
63.9, 12.5, 
16.6, 72.0, 
55.9, 89.6, 
13.4, 66.1, 
11.3, 39.8, 
86.6, 33.8, 
18.3, 74.4, 
52.1, 10.1, 
87.5, 36.2, 
10.8, 57.7, 
59.0, 89.0, 
10.6, 56.8, 
87.7, 36.6, 
10.0, 50.3, 
15.9, 29.0, 
71.7, 16.4, 
45.9, 89.8, 
10.0, 51.6, 
10.3, 45.5, 
25.8, 81.9, 
12.7, 35.5, 
81.3, 25.1, 
78.8, 77.8, 
10.3, 55.3, 
10.9, 41.4, 
42.8, 89.3, 
82.4, 73.4, 
42.6, 89.3, 
58.4, 89.1, 
50.3, 10.0, 
10.3, 45.0, 
27.1, 17.2, 
13.6, 66.5, 
12.3, 36.8, 
29.2, 15.8, 
46.6, 10.1, 
10.0, 50.1, 
90.0, 49.0, 
42.2, 10.8, 
17.9, 73.9, 
70.4, 15.6, 
88.5, 39.1, 
40.2, 88.8, 
21.9, 21.6, 
80.1, 76.3, 
30.6, 85.0, 
12.0, 37.5, 
12.9, 65.0, 
26.9, 82.6, 
22.9, 20.6, 
14.1, 67.6, 
11.7, 38.5, 
10.7, 57.2, 
10.3, 54.9, 
10.2, 53.9, 
77.1, 20.6, 
12.9, 64.9, 
35.6, 12.7, 
51.4, 90.0, 
56.8, 10.6, 
25.2, 18.6, 
52.2, 10.1, 
11.6, 38.9, 
18.7, 25.1, 
22.8, 79.3, 
16.2, 28.6, 
60.2, 88.7, 
47.6, 10.1, 
64.2, 87.4, 
10.1, 53.3, 
75.2, 19.0, 
10.3, 45.5, 
19.5, 24.2, 
47.0, 89.9, 
14.4, 68.3, 
13.6, 33.4, 
89.1, 58.5, 
15.9, 29.0, 
71.1, 84.0, 
50.0, 10.0, 
16.8, 27.7, 
46.6, 89.9, 
85.5, 68.4, 
88.7, 60.1, 
64.0, 87.5, 
85.1, 30.8, 
68.2, 14.4, 
87.1, 65.1, 
10.0, 51.4, 
89.0, 41.1, 
83.0, 27.3, 
10.0, 50.2, 
44.7, 89.6, 
75.3, 81.0, 
53.3, 89.9, 
75.4, 80.9, 
76.4, 20.0, 
11.7, 61.5, 
19.9, 23.7, 
47.6, 89.9, 
29.6, 15.6, 
89.3, 57.2, 
11.5, 60.7, 
84.5, 70.2, 
13.7, 66.9, 
10.5, 56.2, 
11.0, 41.2, 
43.8, 10.5, 
36.4, 87.6, 
66.2, 86.6, 
67.7, 14.1, 
88.3, 61.5, 
13.7, 66.8, 
88.9, 59.2, 
36.1, 87.5, 
80.4, 24.0, 
10.0, 49.1, 
35.3, 87.2, 
24.5, 80.8, 
78.1, 21.5, 
27.9, 83.4, 
16.8, 72.3, 
20.8, 77.3, 
15.1, 69.5, 
23.8, 19.8, 
22.1, 78.7, 
70.4, 15.6, 
70.8, 84.2, 
24.5, 80.8, 
10.9, 58.4, 
61.2, 88.4, 
87.8, 63.0, 
87.0, 34.8, 
42.0, 89.2, 
61.5, 88.3, 
74.7, 18.5, 
38.5, 11.7, 
15.6, 70.4, 
65.7, 13.2, 
68.5, 14.5, 
19.8, 76.2, 
57.7, 89.3, 
56.5, 10.5, 
20.3, 23.2, 
19.7, 76.1, 
90.0, 48.5, 
51.0, 10.0, 
28.6, 16.2, 
49.6, 10.0, 
32.2, 85.8, 
66.0, 86.7, 
64.4, 87.3, 
81.8, 74.3, 
75.5, 19.2, 
89.9, 47.1, 
66.1, 13.4, 
89.5, 43.5, 
85.7, 32.0, 
13.1, 65.5, 
10.0, 49.1, 
13.6, 66.5, 
55.1, 10.3, 
39.1, 11.5, 
13.5, 33.6, 
21.6, 21.9, 
31.7, 14.5, 
90.0, 50.5, 
89.3, 42.8, 
83.5, 71.8, 
56.8, 10.6, 
55.7, 89.6, 
33.0, 86.2, 
73.2, 82.6, 
81.7, 74.4, 
12.0, 62.6, 
22.8, 79.3, 
10.9, 41.5, 
90.0, 50.4, 
82.6, 73.2, 
10.1, 46.9, 
13.6, 33.5, 
81.5, 25.4, 
52.2, 10.1, 
34.6, 86.9, 
21.2, 22.3, 
10.0, 50.5, 
37.5, 88.0, 
55.4, 89.6, 
63.7, 12.4, 
10.1, 53.2, 
30.7, 85.1, 
33.4, 13.6, 
49.8, 90.0, 
17.1, 72.7, 
52.4, 10.1, 
21.1, 77.6, 
76.8, 20.3, 
70.6, 15.7, 
89.6, 44.6, 
81.1, 75.2, 
35.5, 12.7, 
45.4, 89.7, 
77.0, 20.5, 
70.6, 15.7, 
33.5, 13.6, 
84.9, 30.4, 
10.2, 53.8, 
14.4, 31.7, 
66.8, 86.3, 
87.9, 62.8, 
17.7, 26.4, 
73.4, 17.5, 
78.5, 78.0, 
24.9, 18.8, 
72.8, 82.9, 
57.0, 89.4, 
20.9, 77.5, 
29.8, 15.5, 
67.1, 13.9, 
50.1, 10.0, 
16.2, 28.7, 
40.6, 11.1, 
19.6, 76.0, 
87.0, 65.2, 
36.9, 12.2, 
52.1, 89.9, 
19.6, 24.0, 
73.2, 82.6, 
75.2, 81.1, 
87.0, 34.9, 
23.8, 19.8, 
17.9, 26.2, 
66.4, 86.5, 
81.2, 75.0, 
15.9, 29.0, 
32.6, 14.0, 
39.4, 11.4, 
51.4, 10.0, 
64.4, 12.7, 
86.0, 32.7, 
12.4, 63.7, 
20.1, 23.5, 
45.9, 10.2, 
10.5, 43.9, 
57.2, 89.3, 
57.2, 89.3, 
10.1, 52.1, 
42.2, 10.8, 
39.6, 88.6, 
77.6, 79.0, 
53.8, 89.8, 
19.9, 76.3, 
11.3, 60.3, 
38.7, 11.6, 
81.2, 75.0, 
12.1, 62.7, 
85.8, 32.2, 
21.6, 21.8, 
90.0, 49.0, 
87.8, 37.0, 
76.6, 79.8, 
37.5, 88.0, 
19.0, 75.3, 
64.5, 12.7, 
89.5, 56.2, 
89.2, 58.1, 
31.9, 85.6, 
89.8, 54.4, 
35.4, 87.2, 
16.4, 71.8, 
14.7, 31.1, 
17.8, 73.7, 
47.6, 10.1, 
35.0, 87.1, 
46.4, 89.8, 
66.1, 13.4, 
51.4, 10.0, 
77.9, 78.6, 
22.7, 79.2, 
27.7, 16.8, 
11.5, 60.7, 
22.8, 20.6, 
90.0, 48.6, 
81.8, 25.7, 
32.7, 86.1, 
87.9, 37.1, 
73.9, 82.1, 
33.2, 86.3, 
31.7, 85.6, 
88.9, 40.5, 
88.5, 39.2, 
89.9, 52.3, 
78.1, 78.4, 
50.2, 10.0, 
88.1, 37.9, 
62.6, 12.0, 
76.1, 19.7, 
50.8, 90.0, 
34.1, 86.7, 
68.4, 85.5, 
28.9, 16.0, 
60.0, 11.3, 
76.0, 19.6, 
76.4, 80.1, 
34.0, 86.7, 
64.5, 87.3, 
57.6, 89.3, 
37.3, 87.9, 
89.9, 53.4, 
35.2, 12.8, 
20.7, 22.8, 
87.8, 63.1, 
47.1, 10.1, 
42.0, 10.8, 
70.4, 15.6, 
40.3, 88.8, 
10.0, 50.6, 
10.7, 42.4, 
14.5, 68.4, 
23.0, 20.5, 
13.5, 66.3, 
16.2, 28.6, 
10.2, 53.7, 
54.5, 89.7, 
48.4, 10.0, 
85.8, 32.2, 
26.6, 17.6, 
17.6, 73.5, 
17.8, 73.8, 
84.9, 30.5, 
89.3, 57.6, 
65.6, 86.8, 
74.6, 18.5, 
24.7, 19.1, 
89.6, 55.7, 
10.0, 48.8, 
89.9, 52.3, 
13.9, 67.2, 
10.0, 50.7, 
10.8, 41.8, 
35.1, 12.9, 
14.8, 30.9, 
51.5, 10.0, 
10.0, 48.1, 
19.3, 24.4, 
70.1, 15.4, 
36.8, 12.2, 
90.0, 49.1, 
10.0, 48.9, 
10.7, 57.3, 
12.1, 62.7, 
37.6, 12.0, 
14.1, 32.3, 
55.9, 89.6, 
59.3, 11.1, 
90.0, 49.8, 
33.7, 86.5, 
25.2, 81.4, 
77.5, 21.0, 
21.7, 21.7, 
58.8, 11.0, 
13.7, 66.8, 
26.7, 82.5, 
71.9, 16.5, 
10.3, 45.1, 
86.0, 32.5, 
61.6, 11.7, 
26.2, 17.8, 
47.8, 89.9, 
60.2, 88.7, 
88.2, 38.0, 
60.8, 88.5, 
26.5, 17.6, 
89.9, 53.0, 
16.9, 27.5, 
59.3, 88.9, 
79.7, 23.2, 
12.0, 62.5, 
23.3, 20.3, 
27.9, 83.3, 
66.8, 86.3, 
72.8, 17.1, 
32.5, 86.0, 
90.0, 50.9, 
10.2, 46.0, 
10.1, 53.0, 
71.1, 16.0, 
38.9, 11.6, 
17.4, 26.9, 
75.9, 80.5, 
47.7, 89.9, 
81.7, 74.3, 
69.7, 84.8, 
66.8, 13.7, 
90.0, 50.1, 
10.0, 51.1, 
53.4, 10.1, 
83.6, 71.6, 
32.8, 86.1, 
82.9, 27.2, 
10.0, 48.0, 
66.7, 13.6, 
80.5, 24.1, 
67.0, 86.2, 
18.4, 74.6, 
10.0, 49.1, 
89.1, 58.6, 
85.1, 69.3, 
86.5, 66.3, 
86.5, 33.7, 
89.6, 44.7, 
16.2, 71.4, 
78.8, 22.2, 
25.3, 81.4, 
88.9, 59.5, 
65.3, 13.0, 
87.3, 64.4, 
49.9, 90.0, 
75.3, 81.0, 
10.8, 58.2, 
88.8, 40.4, 
12.1, 62.8, 
64.5, 12.7, 
42.0, 10.8, 
11.8, 62.0, 
68.1, 85.7, 
40.5, 11.1, 
48.6, 90.0, 
89.8, 54.0, 
87.6, 63.6, 
53.2, 89.9, 
40.6, 88.9, 
12.6, 64.1, 
19.5, 24.1, 
69.7, 84.8, 
10.8, 58.2, 
84.5, 29.7, 
88.9, 59.5, 
10.2, 54.1, 
58.5, 89.1, 
10.8, 58.0, 
70.2, 84.5, 
77.0, 79.5, 
27.5, 16.9, 
77.8, 21.2, 
20.5, 77.1, 
16.6, 72.1, 
36.8, 12.2, 
12.8, 35.4, 
80.6, 75.8, 
16.8, 27.6, 
78.1, 21.6, 
26.8, 82.6, 
18.3, 74.4, 
88.3, 61.4, 
12.6, 64.1, 
12.8, 64.6, 
71.7, 83.6, 
15.8, 70.8, 
67.8, 85.8, 
88.7, 60.2, 
78.3, 21.8, 
10.0, 49.5, 
12.6, 64.1, 
61.4, 11.7, 
29.7, 15.6, 
84.2, 70.8, 
49.5, 90.0, 
42.3, 10.8, 
28.8, 83.9, 
48.5, 10.0, 
64.6, 12.8, 
10.7, 57.2, 
23.3, 20.2, 
88.5, 60.9, 
90.0, 51.0, 
65.6, 86.8, 
31.9, 85.7, 
89.8, 46.1, 
27.3, 17.1, 
51.9, 10.0, 
88.1, 62.2, 
11.0, 59.0, 
78.5, 21.9, 
51.0, 90.0, 
24.2, 80.6, 
10.7, 42.4, 
29.7, 15.6, 
81.9, 25.9, 
44.4, 89.6, 
33.8, 13.4, 
82.5, 26.7, 
34.1, 86.7, 
23.4, 79.9, 
68.3, 85.6, 
35.0, 87.1, 
77.5, 79.1, 
35.9, 87.4, 
33.7, 86.5, 
75.3, 81.0, 
10.8, 42.1, 
31.9, 85.7, 
51.5, 10.0, 
86.9, 34.5, 
58.9, 89.0, 
21.3, 77.8, 
85.4, 68.6, 
82.7, 73.1, 
77.2, 20.6, 
10.2, 53.8, 
69.7, 84.8, 
12.8, 64.6, 
66.7, 86.3, 
86.0, 67.3, 
14.0, 32.5, 
73.2, 82.6, 
82.8, 27.1, 
59.4, 11.1, 
31.3, 85.3, 
28.7, 83.9, 
50.8, 90.0, 
49.3, 90.0, 
77.7, 78.8, 
10.1, 52.6, 
87.9, 62.7, 
14.3, 68.0, 
19.6, 24.1, 
21.9, 78.5, 
12.0, 37.6, 
87.3, 35.5, 
13.4, 33.9, 
10.3, 45.3, 
85.6, 31.8, 
27.2, 17.1, 
46.1, 10.2, 
19.4, 24.2, 
90.0, 49.1, 
89.6, 44.4, 
14.6, 31.3, 
72.0, 16.6, 
11.5, 39.1, 
47.7, 10.1, 
25.0, 81.2, 
84.0, 29.0, 
17.8, 73.8, 
29.9, 15.4, 
40.0, 11.3, 
16.6, 72.0, 
81.4, 74.7, 
30.7, 14.9, 
63.3, 87.7, 
50.1, 10.0, 
36.2, 12.5, 
51.0, 10.0, 
13.1, 65.5, 
54.9, 10.3, 
41.2, 89.0, 
49.1, 10.0, 
90.0, 48.8, 
86.0, 67.4, 
26.1, 82.0, 
16.0, 28.9, 
53.5, 89.8, 
11.3, 39.9, 
69.0, 85.2, 
39.8, 11.3, 
74.1, 18.1, 
27.8, 16.7, 
54.1, 89.8, 
15.6, 29.6, 
56.8, 89.4, 
57.7, 89.2, 
76.3, 80.2, 
37.8, 11.9, 
90.0, 51.6, 
89.5, 56.2, 
12.6, 64.2, 
66.2, 13.4, 
24.7, 19.0, 
10.3, 54.8, 
86.9, 65.5, 
89.9, 47.9, 
49.6, 10.0, 
39.7, 11.3, 
47.1, 10.1, 
87.2, 64.8, 
79.8, 76.6, 
69.2, 14.9, 
27.7, 83.2, 
48.0, 89.9, 
11.1, 40.6, 
78.3, 21.7, 
72.0, 16.6, 
34.2, 13.2, 
81.4, 74.8, 
10.1, 47.1, 
86.1, 32.7, 
85.0, 69.4, 
76.2, 19.8, 
17.5, 26.6, 
52.1, 10.1, 
61.6, 88.3, 
37.8, 88.1, 
10.6, 43.2, 
81.1, 24.8, 
24.0, 80.4, 
14.9, 69.1, 
83.3, 72.1, 
35.3, 87.2, 
20.0, 23.6, 
51.1, 90.0, 
86.0, 32.5, 
51.9, 90.0, 
10.8, 42.0, 
28.5, 83.7, 
89.6, 44.4, 
83.9, 28.8, 
10.2, 53.6, 
26.1, 82.1, 
88.4, 38.7, 
16.7, 72.2, 
81.4, 74.8, 
19.4, 24.2, 
42.2, 10.8, 
76.5, 20.1, 
77.0, 20.5, 
10.5, 56.4, 
43.3, 10.6, 
25.1, 18.7, 
80.3, 76.1, 
90.0, 51.7, 
42.6, 89.3, 
12.2, 63.0, 
89.9, 46.9, 
28.6, 83.8, 
11.4, 39.5, 
86.5, 66.3, 
38.6, 11.6, 
45.5, 10.2, 
77.1, 20.6, 
16.5, 28.1, 
41.4, 89.1, 
31.0, 14.8, 
11.1, 59.2, 
77.4, 20.9, 
75.9, 19.5, 
83.7, 28.5, 
35.6, 12.7, 
25.4, 18.4, 
47.5, 10.1, 
10.4, 44.7, 
38.0, 11.8, 
84.8, 30.3, 
58.7, 11.0, 
61.3, 88.4, 
10.6, 43.3, 
28.1, 83.5, 
80.7, 75.7, 
0.0, 0.0, 
49.9, 90.0, 
13.0, 34.7, 
81.8, 74.3, 
68.2, 14.4, 
61.7, 88.3, 
70.7, 84.2, 
74.3, 18.3, 
23.4, 79.9, 
60.6, 88.6, 
89.8, 53.5, 
79.2, 22.7, 
67.1, 13.8, 
22.5, 21.0, 
50.4, 10.0, 
67.1, 13.8, 
70.3, 15.5, 
45.0, 10.3, 
28.3, 83.6, 
88.0, 62.6, 
16.5, 28.1, 
89.6, 44.3, 
10.1, 47.2, 
56.6, 89.4, 
89.2, 42.0, 
83.4, 72.0, 
76.5, 79.9, 
65.4, 86.9, 
26.6, 82.4, 
50.1, 10.0, 
67.1, 86.2, 
90.0, 49.6, 
77.6, 21.0, 
20.7, 77.2, 
17.1, 27.2, 
16.2, 28.6, 
88.7, 39.7, 
14.1, 32.3, 
70.0, 84.6, 
10.3, 45.2, 
90.0, 48.9, 
86.0, 32.5, 
23.9, 19.7, 
32.5, 14.1, 
78.0, 78.6, 
10.2, 53.9, 
84.3, 29.4, 
50.5, 90.0, 
10.7, 42.6, 
57.1, 89.4, 
85.8, 32.2, 
88.2, 38.2, 
89.3, 42.6, 
47.9, 89.9, 
55.1, 10.3, 
69.2, 85.1, 
86.3, 66.8, 
67.5, 86.0, 
16.7, 72.2, 
69.7, 15.2, 
85.5, 68.5, 
53.1, 10.1, 
87.0, 34.8, 
88.0, 62.6, 
72.5, 83.0, 
53.5, 10.2, 
87.3, 35.4, 
57.0, 10.6, 
76.5, 80.0, 
16.8, 27.6, 
88.7, 40.0, 
11.4, 39.5, 
10.8, 41.9, 
89.8, 46.5, 
13.8, 67.0, 
68.7, 85.4, 
11.9, 37.7, 
12.6, 35.8, 
62.7, 87.9, 
21.3, 77.9, 
80.1, 76.3, 
34.0, 86.7, 
63.0, 12.2, 
49.0, 10.0, 
25.6, 81.7, 
89.9, 52.2, 
27.9, 16.7, 
12.2, 36.9, 
56.0, 10.5, 
52.9, 10.1, 
61.0, 11.5, 
73.1, 82.7, 
90.0, 48.8, 
13.3, 65.9, 
64.2, 87.4, 
29.7, 15.5, 
90.0, 50.8, 
63.6, 12.4, 
42.1, 10.8, 
10.0, 51.5, 
16.1, 28.8, 
19.1, 75.4, 
58.7, 11.0, 
15.5, 70.2, 
10.0, 50.9, 
16.0, 71.0, 
82.4, 73.5, 
22.1, 21.3, 
68.0, 14.3, 
14.3, 32.0, 
65.5, 86.9, 
10.1, 52.3, 
37.1, 12.1, 
86.1, 32.7, 
15.6, 70.4, 
54.8, 10.3, 
89.2, 42.1, 
56.7, 10.6, 
47.3, 10.1, 
88.2, 38.0, 
47.7, 10.1, 
88.5, 60.7, 
11.2, 40.2, 
85.3, 68.8, 
90.0, 50.2, 
84.1, 29.1, 
87.6, 36.5, 
13.7, 66.9, 
55.8, 10.4, 
13.8, 33.0, 
31.0, 14.8, 
82.8, 27.1, 
73.4, 82.4, 
62.1, 11.9, 
26.0, 82.0, 
76.7, 20.2, 
72.8, 82.9, 
85.1, 69.2, 
11.9, 62.2, 
39.3, 88.5, 
89.9, 52.2, 
37.1, 12.1, 
17.8, 73.7, 
61.7, 11.8, 
20.5, 22.9, 
77.0, 79.5, 
86.7, 34.0, 
89.3, 42.7, 
82.7, 73.0, 
14.8, 30.9, 
59.0, 89.0, 
89.8, 45.8, 
82.4, 26.6, 
24.6, 19.1, 
33.2, 86.3, 
10.8, 57.7, 
36.8, 12.2, 
15.5, 29.8, 
28.1, 16.5, 
90.0, 51.1, 
53.4, 89.9, 
50.1, 90.0, 
61.6, 11.7, 
15.0, 69.3, 
68.8, 14.7, 
89.4, 43.0, 
10.0, 51.3, 
48.1, 10.0, 
27.4, 17.0, 
64.5, 12.7, 
56.2, 10.5, 
17.5, 26.7, 
90.0, 49.4, 
65.9, 86.7, 
33.4, 13.6, 
90.0, 51.0, 
40.3, 88.8, 
76.9, 79.6, 
89.9, 52.4, 
86.5, 33.6, 
55.1, 10.3, 
53.8, 10.2, 
67.0, 86.2, 
42.7, 89.3, 
89.6, 55.9, 
11.4, 39.7, 
61.3, 88.4, 
33.0, 13.8, 
14.7, 31.2, 
11.8, 61.9, 
17.0, 27.4, 
11.2, 59.6, 
76.2, 19.7, 
89.8, 54.2, 
30.4, 15.1, 
60.1, 11.3, 
10.6, 57.0, 
65.4, 86.9, 
80.3, 76.1, 
75.2, 18.9, 
10.1, 47.5, 
10.4, 55.5, 
29.1, 15.9, 
89.2, 42.3, 
79.6, 23.0, 
29.3, 84.2, 
89.9, 52.9, 
89.5, 43.4, 
29.3, 15.7, 
14.9, 30.8, 
36.2, 87.6, 
10.9, 58.3, 
84.3, 70.6, 
85.0, 69.3, 
63.1, 87.8, 
24.0, 19.6, 
90.0, 51.4, 
30.1, 15.3, 
68.8, 14.7, 
31.2, 14.7, 
71.4, 83.8, 
14.2, 67.8, 
89.0, 41.0, 
53.8, 89.8, 
76.4, 20.0, 
80.2, 76.2, 
68.9, 85.3, 
11.5, 60.8, 
65.9, 13.3, 
90.0, 50.1, 
86.3, 33.3, 
75.4, 19.1, 
89.8, 45.5, 
89.0, 59.1, 
70.9, 15.9, 
26.6, 17.5, 
61.5, 88.3, 
59.9, 88.7, 
86.2, 67.0, 
88.7, 60.2, 
10.1, 52.6, 
16.2, 28.6, 
49.3, 10.0, 
64.5, 12.7, 
28.6, 16.2, 
12.0, 37.6, 
13.8, 32.9, 
87.5, 63.8, 
90.0, 49.5, 
81.0, 24.7, 
32.1, 85.8, 
34.7, 13.1, 
16.0, 28.9, 
10.2, 46.3, 
10.0, 48.8, 
22.1, 21.3, 
61.9, 11.8, 
61.2, 11.6, 
25.2, 81.4, 
75.6, 19.3, 
89.8, 46.0, 
34.0, 86.7, 
62.9, 12.1, 
10.1, 53.2, 
82.0, 26.0, 
13.5, 33.6, 
48.5, 10.0, 
84.2, 29.2, 
14.9, 69.2, 
10.3, 45.0, 
45.8, 10.2, 
46.4, 89.8, 
13.7, 33.2, 
65.5, 13.1, 
57.1, 89.4, 
23.3, 79.8, 
83.3, 27.9, 
86.9, 34.5, 
87.3, 35.6, 
12.3, 63.3, 
13.4, 66.1, 
88.2, 38.1, 
83.0, 27.4, 
86.0, 32.5, 
90.0, 51.6, 
33.5, 86.4, 
66.4, 13.5, 
54.5, 89.7, 
15.5, 70.2, 
17.1, 72.8, 
88.4, 61.1, 
13.5, 33.6, 
77.5, 20.9, 
17.6, 73.5, 
16.9, 27.6, 
49.5, 10.0, 
77.5, 21.0, 
30.4, 84.9, 
24.8, 18.9, 
82.2, 73.7, 
56.1, 89.5, 
13.7, 33.3, 
51.2, 10.0, 
67.1, 13.8, 
89.8, 46.0, 
81.9, 25.9, 
19.9, 76.4, 
88.2, 61.9, 
51.5, 10.0, 
82.1, 73.9, 
77.4, 79.1, 
35.6, 12.7, 
28.1, 83.5, 
52.0, 10.0, 
50.3, 10.0, 
26.4, 17.7, 
37.2, 12.1, 
87.6, 36.4, 
78.1, 78.5, 
82.6, 73.2, 
62.2, 11.9, 
33.5, 13.6, 
53.6, 10.2, 
78.1, 21.5, 
83.1, 27.5, 
56.1, 10.5, 
89.3, 42.7, 
89.6, 44.4, 
73.4, 17.6, 
86.3, 33.3, 
32.4, 14.1, 
10.0, 49.2, 
16.4, 28.2, 
82.0, 74.0, 
16.6, 28.0, 
39.9, 11.3, 
40.2, 88.8, 
89.9, 53.2, 
87.1, 34.9, 
87.8, 37.0, 
12.2, 37.0, 
15.4, 70.0, 
67.4, 86.0, 
10.0, 48.8, 
83.2, 27.7, 
14.8, 69.1, 
10.4, 55.3, 
72.7, 82.9, 
11.4, 60.4, 
14.5, 31.6, 
17.2, 72.9, 
90.0, 51.8, 
33.3, 13.6, 
62.0, 88.1, 
90.0, 48.1, 
19.3, 75.6, 
58.6, 10.9, 
85.9, 32.4, 
89.2, 41.8, 
77.8, 21.2, 
16.7, 72.2, 
10.0, 52.0, 
83.7, 28.4, 
65.5, 13.1, 
31.2, 14.7, 
12.3, 36.7, 
22.5, 79.0, 
84.8, 30.2, 
11.2, 59.6, 
63.3, 12.3, 
52.5, 10.1, 
61.4, 11.7, 
14.0, 67.4, 
73.8, 82.1, 
90.0, 50.4, 
33.8, 86.6, 
34.1, 86.7, 
24.2, 80.6, 
71.8, 16.5, 
10.0, 48.3, 
33.8, 86.6, 
47.8, 89.9, 
74.0, 18.0, 
71.1, 84.0, 
80.4, 24.1, 
11.1, 59.3, 
86.7, 66.0, 
50.5, 10.0, 
70.2, 15.5, 
42.7, 10.7, 
76.6, 79.8, 
25.6, 18.3, 
39.5, 88.6, 
73.6, 17.7, 
82.0, 74.0, 
32.3, 14.1, 
13.7, 66.9, 
70.7, 15.8, 
10.0, 50.0, 
48.7, 10.0, 
30.5, 15.1, 
28.5, 83.7, 
10.9, 41.4, 
12.7, 35.6, 
13.5, 33.6, 
10.2, 53.5, 
90.0, 50.9, 
16.1, 28.8, 
87.6, 63.6, 
81.5, 25.3, 
47.8, 10.1, 
50.5, 90.0, 
86.6, 33.8, 
73.3, 82.5, 
55.0, 89.7, 
53.7, 89.8, 
67.4, 14.0, 
89.5, 43.4, 
29.0, 15.9, 
17.8, 73.7, 
86.0, 67.4, 
70.7, 84.2, 
88.8, 59.8, 
19.7, 23.9, 
82.5, 26.6, 
31.5, 85.5, 
78.9, 22.3, 
53.4, 10.1, 
76.5, 20.0, 
88.1, 37.8, 
56.4, 89.5, 
71.5, 83.7, 
54.3, 10.2, 
85.5, 68.5, 
57.4, 89.3, 
26.4, 82.3, 
10.3, 45.1, 
53.9, 10.2, 
20.1, 76.6, 
14.2, 32.2, 
33.2, 86.3, 
88.7, 60.2, 
19.4, 75.8, 
59.2, 88.9, 
16.0, 71.1, 
81.3, 74.9, 
78.8, 77.7, 
63.7, 12.4, 
89.7, 55.0, 
31.0, 85.2, 
26.8, 17.4, 
79.3, 77.2, 
29.9, 84.6, 
56.3, 89.5, 
42.6, 89.3, 
77.0, 20.5, 
75.9, 19.5, 
89.8, 46.1, 
86.0, 32.5, 
10.2, 53.9, 
29.9, 15.4, 
89.7, 45.0, 
88.5, 39.1, 
39.8, 11.3, 
32.6, 86.0, 
12.2, 37.0, 
83.4, 28.0, 
49.8, 10.0, 
32.4, 14.1, 
16.1, 71.2, 
15.8, 70.7, 
17.2, 27.1, 
48.5, 10.0, 
80.2, 23.8, 
54.5, 10.3, 
60.5, 11.4, 
25.3, 81.5, 
14.0, 67.5, 
15.8, 29.3, 
85.0, 69.4, 
28.3, 16.4, 
56.8, 10.6, 
76.8, 79.7, 
59.1, 88.9, 
42.1, 10.8, 
10.1, 52.3, 
10.2, 54.0, 
21.1, 22.3, 
89.6, 44.1, 
72.0, 16.6, 
46.0, 10.2, 
10.1, 52.6, 
89.1, 41.6, 
11.8, 38.2, 
23.5, 20.0, 
47.1, 89.9, 
17.7, 73.6, 
87.7, 63.2, 
10.2, 46.1, 
77.7, 21.1, 
22.9, 20.6, 
86.9, 34.5, 
39.6, 11.4, 
27.2, 17.1, 
17.2, 72.8, 
12.6, 35.8, 
68.2, 85.6, 
10.8, 42.0, 
21.2, 77.8, 
26.9, 82.7, 
72.1, 16.7, 
60.2, 88.7, 
78.4, 21.8, 
89.1, 58.3, 
22.2, 78.7, 
11.7, 38.4, 
